UNIQUEID,ID,SalesSqMTotal,SalesSqMOrganic,TotalSales,Name,Location,Address,Zip,Type,TypeAg,Size,Warehouse,Chain,Neighborhood,District,AreaSqM,USERID,Income,NEARDIST
211001,D11001,5450,115,2130950,Aldi,412,Hermannstal 72,22119,Discounter,Conventional,391,Aldi Nord,Aldi,Horn,Hamburg-Mitte,5851881,45,21404,2817.3
211002,D11002,5450,115,2180000,Aldi,619,Moellner LandStrasse 131,22117,Discounter,Conventional,400,Aldi Nord,Aldi,Billstedt,Hamburg-Mitte,16923802,13,22219,5129.2
211003,D11003,5450,115,3270000,Aldi,452,HolstenStrasse 156,22765,Discounter,Conventional,600,Aldi Nord,Aldi,Altona-Nord,Altona,2222785,6,28607,868.7
211004,D11004,5450,115,3270000,Aldi,705,Paul-Roosen-Strasse 43,22767,Discounter,Conventional,600,Aldi Nord,Aldi,Altona-Altstadt,Altona,2304126,5,27436,793.1
211005,D11005,5450,115,3270000,Aldi,549,Langenfelder Damm 46,22525,Discounter,Conventional,600,Aldi Nord,Aldi,Stellingen,Eimsbuettel,6084188,90,33225,546.0
211006,D11006,5450,115,3270000,Aldi,243,Erdkampsweg 37,22335,Discounter,Conventional,600,Aldi Nord,Aldi,Fuhlsbuettel,Hamburg-Nord,7774423,30,36770,512.0
211007,D11007,5450,115,3270000,Aldi,71,Bahrenfelder Strasse 192-198,22765,Discounter,Conventional,600,Aldi Nord,Aldi,Ottensen,Altona,2551538,74,32724,39.7
211008,D11008,5450,115,3270000,Aldi,972,Winsener Strasse 151,21077,Discounter,Conventional,600,Aldi Nord,Aldi,Langenbek,Harburg,793484,51,31064,3068.7
211009,D11009,5450,115,3270000,Aldi,718,Pinneberger Chaussee 130-132,22523,Discounter,Conventional,600,Aldi Nord,Aldi,Eidelstedt,Eimsbuettel,8722266,22,32538,4215.5
211010,D11010,5450,115,3270000,Aldi,832,Spitzbergenweg 32,22145,Discounter,Conventional,600,Aldi Nord,Aldi,Rahlstedt,Wandsbek,26565949,76,31937,2185.9
211011,D11011,5450,115,3270000,Aldi,110,Berner Heerweg 2-4,22159,Discounter,Conventional,600,Aldi Nord,Aldi,Farmsen-Berne,Wandsbek,8226357,27,30647,3806.6
211012,D11012,5450,115,3270000,Aldi,74,Alter Teichweg 71,22049,Discounter,Conventional,600,Aldi Nord,Aldi,Dulsberg,Hamburg-Nord,1218421,20,25523,1291.8
211013,D11013,5450,115,3270000,Aldi,445,Holsteiner Chaussee 198,22457,Discounter,Conventional,600,Aldi Nord,Aldi,Schnelsen,Eimsblttel,8950744,83,32538,2800.6
211014,D11014,5450,115,3270000,Aldi,887,Tangstedter LandStrasse 25,22415,Discounter,Conventional,600,Aldi Nord,Aldi,Langenhorn,Hamburg-Nord,13367161,52,29363,1882.8
211015,D11015,5450,115,3270000,Aldi,450,Holsteinischer Kamp 65,22081,Discounter,Conventional,600,Aldi Nord,Aldi,Barmbek-Sued,Hamburg-Nord,3046061,9,30044,1464.3
211016,D11016,5450,115,3270000,Aldi,241,Erdkampsweg 134,22335,Discounter,Conventional,600,Aldi Nord,Aldi,Fuhlsbuettel,Hamburg-Nord,7774423,30,33169,504.2
211017,D11017,5450,115,3379000,Aldi,427,Hohe Strasse 15,21073,Discounter,Conventional,620,Aldi Nord,Aldi,Wilstorf,Harburg,3422804,102,22126,949.9
211018,D11018,5450,115,3831350,Aldi,828,SimrockStrasse 182-184,22589,Discounter,Conventional,703,Aldi Nord,Aldi,Iserbrook,Altona,2670153,47,62180,129.2
211019,D11019,5450,115,4354550,Aldi,711,Pezolddamm 156-158,22159,Discounter,Conventional,799,Aldi Nord,Aldi,Farmsen-Berne,Wandsbek,8226357,27,29836,4099.7
211020,D11020,5450,115,4354550,Aldi,981,WrangelStrasse 125,20253,Discounter,Conventional,799,Aldi Nord,Aldi,Hoheluft-West,Eimsbuettel,719573,43,47016,913.4
211021,D11021,5450,115,4354550,Aldi,124,BismarckStrasse 24,20259,Discounter,Conventional,799,Aldi Nord,Aldi,Eimsbuettel,Eimsbuettel,3203037,24,37376,114.5
211022,D11022,5450,115,4354550,Aldi,35,Am Beckerkamp 17,21031,Discounter,Conventional,799,Aldi Nord,Aldi,Lohbruegge,Bergedorf,13044963,54,30769,1194.2
211023,D11023,5450,115,4354550,Aldi,948,Weberade 21-23,21031,Discounter,Conventional,799,Aldi Nord,Aldi,Lohbruegge,Bergedorf,13044963,54,28027,3138.0
211024,D11024,5450,115,4354550,Aldi,278,Friedrich-Frank-Bogen 166,21033,Discounter,Conventional,799,Aldi Nord,Aldi,Bergedorf,Bergedorf,10267720,10,29645,2096.0
211025,D11025,5450,115,4354550,Aldi,112,Beutnerring 21,21077,Discounter,Conventional,799,Aldi Nord,Aldi,Marmstorf,Harburg,5843405,58,33298,1458.3
211026,D11026,5450,115,4354550,Aldi,866,Striepenweg 37,21147,Discounter,Conventional,799,Aldi Nord,Aldi,Hausbruch,Harburg,9834942,40,29466,1617.0
211027,D11027,5450,115,4354550,Aldi,330,Grindelberg 27-31,20144,Discounter,Conventional,799,Aldi Nord,Aldi,Harvestehude,Eimsbuettel,1904425,39,57022,637.1
211028,D11028,5450,115,4354550,Aldi,511,Klaus-Groth-Strasse 91,20535,Discounter,Conventional,799,Aldi Nord,Aldi,Borgfelde,Hamburg-Mitte,804063,16,27538,1209.3
211029,D11029,5450,115,4354550,Aldi,319,Grachtenplatz 7,21035,Discounter,Conventional,799,Aldi Nord,Aldi,Neuallermoehe,Bergedorf,4204288,61,30454,2605.8
211030,D11030,5450,115,4354550,Aldi,57,Auf dem Koenigslande 21,22041,Discounter,Conventional,799,Aldi Nord,Aldi,Wandsbek,Wandsbek,5943628,99,23733,1294.8
211031,D11031,5450,115,4354550,Aldi,576,Luebecker Strasse 116-124,22087,Discounter,Conventional,799,Aldi Nord,Aldi,Hohenfelde,Hamburg-Nord,1034574,44,35020,1446.8
211032,D11032,5450,115,4354550,Aldi,457,Horner LandStrasse 110,22111,Discounter,Conventional,799,Aldi Nord,Aldi,Horn,Hamburg-Mitte,5851881,45,22402,1651.1
211033,D11033,5450,115,4354550,Aldi,96,Bekassinenau 86,22147,Discounter,Conventional,799,Aldi Nord,Aldi,Rahlstedt,Wandsbek,26565949,76,31078,3975.0
211034,D11034,5450,115,4354550,Aldi,794,Scharbeutzer Strasse 76,22147,Discounter,Conventional,799,Aldi Nord,Aldi,Rahlstedt,Wandsbek,26565949,76,31077,5504.2
211035,D11035,5450,115,4354550,Aldi,156,Bramfelder Drift 14,22175,Discounter,Conventional,799,Aldi Nord,Aldi,Bramfeld,Wandsbek,10065838,17,50255,4574.7
211036,D11036,5450,115,4354550,Aldi,404,Heinrich-Helbing-Strasse 22,22177,Discounter,Conventional,799,Aldi Nord,Aldi,Bramfeld,Wandsbek,10065838,17,27963,998.4
211037,D11037,5450,115,4354550,Aldi,975,Winterhuder Marktplatz 6-7a,22299,Discounter,Conventional,799,Aldi Nord,Aldi,Winterhude,Hamburg-Nord,7127776,103,55000,345.6
211038,D11038,5450,115,4354550,Aldi,460,HufnerStrasse 129,22305,Discounter,Conventional,799,Aldi Nord,Aldi,Barmbek-Nord,Hamburg-Nord,3780652,8,38146,84.0
211039,D11039,5450,115,4354550,Aldi,845,Steilshooper Strasse 317,22309,Discounter,Conventional,799,Aldi Nord,Aldi,Steilshoop,Wandsbek,2498357,88,25712,1929.2
211040,D11040,5450,115,4354550,Aldi,539,KunauStrasse 1,22393,Discounter,Conventional,799,Aldi Nord,Aldi,Sasel,Wandsbek,8363060,82,58603,2365.8
211041,D11041,5450,115,4354550,Aldi,724,Poppenbuettler HauptStrasse 1,22399,Discounter,Conventional,799,Aldi Nord,Aldi,Poppenbuettel,Wandsbek,8105178,75,53568,3490.1
211042,D11042,5450,115,4354550,Aldi,141,Borsteler Chaussee 86,22453,Discounter,Conventional,799,Aldi Nord,Aldi,Grob Borstel,Hamburg-Nord,3985745,31,50825,2189.1
211043,D11043,5450,115,4354550,Aldi,251,Ernst-Mittelbach-Ring 49-55,22455,Discounter,Conventional,799,Aldi Nord,Aldi,Niendorf,Eimsbuettel,12417855,68,39548,1901.0
211044,D11044,5450,115,4354550,Aldi,799,Schippelsweg 51,22455,Discounter,Conventional,799,Aldi Nord,Aldi,Niendorf,Eimsbuettel,12417855,68,39548,1515.9
211045,D11045,5450,115,4354550,Aldi,461,HufnerStrasse 4c,22083,Discounter,Conventional,799,Aldi Nord,Aldi,Barmbek-Sued,Hamburg-Nord,3046061,9,28260,1061.7
211046,D11046,5450,115,4354550,Aldi,114,Barmbeker Strasse 17-19,22303,Discounter,Conventional,799,Aldi Nord,Aldi,Winterhude,Hamburg-Nord,7127776,103,46292,195.7
211047,D11047,5450,115,4354550,Aldi,571,LohkampStrasse 25,22523,Discounter,Conventional,799,Aldi Nord,Aldi,Eidelstedt,Eimsbuettel,8722266,22,28971,3731.7
211048,D11048,5450,115,4354550,Aldi,323,GrelckStrasse 2,22529,Discounter,Conventional,799,Aldi Nord,Aldi,Lokstedt,Eimsbuettel,4896094,55,39193,2468.7
211049,D11049,5450,115,4354550,Aldi,837,Spruetzwiese 2,22547,Discounter,Conventional,799,Aldi Nord,Aldi,Lurup,Altona,6292323,56,25548,4627.3
211050,D11050,5450,115,4354550,Aldi,778,Rugenbarg 18-20,22549,Discounter,Conventional,799,Aldi Nord,Aldi,Osdorf,Altona,7250916,72,42956,1781.7
211051,D11051,5450,115,4354550,Aldi,953,Wedeler LandStrasse 56,22559,Discounter,Conventional,799,Aldi Nord,Aldi,Rissen,Altona,14866496,78,63196,2672.2
211052,D11052,5450,115,4354550,Aldi,67,Bahrenfelder Kirchenweg 80,22761,Discounter,Conventional,799,Aldi Nord,Aldi,Bahrenfeld,Altona,10541166,7,68916,570.2
211053,D11053,5450,115,4354550,Aldi,398,Heidhorst 4a,21031,Discounter,Conventional,799,Aldi Nord,Aldi,Lohbruegge,Bergedorf,13044963,54,28027,4409.9
211054,D11054,5450,115,4354550,Aldi,189,Cuxhavener Strasse 66,21149,Discounter,Conventional,799,Aldi Nord,Aldi,Hausbruch,Harburg,9834942,40,29160,3190.9
211055,D11055,5450,115,4354550,Aldi,855,StephanStrasse 6,22047,Discounter,Conventional,799,Aldi Nord,Aldi,Wandsbek,Wandsbek,5943628,99,27418,1952.3
211056,D11056,5450,115,4354550,Aldi,351,Gubener Strasse 1,22043,Discounter,Conventional,799,Aldi Nord,Aldi,Jenfeld,Wandsbek,4991226,48,22447,4771.8
211057,D11057,5450,115,4354550,Aldi,612,Menckesallee 24-26,22089,Discounter,Conventional,799,Aldi Nord,Aldi,Eilbek,Wandsbek,1751374,23,33940,447.6
211058,D11058,5450,115,4354550,Aldi,480,Jenfelder Allee 70,22043,Discounter,Conventional,799,Aldi Nord,Aldi,Jenfeld,Wandsbek,4991226,48,26876,4312.0
211059,D11059,5450,115,4360000,Aldi,816,Schweriner Strasse 8-12,22143,Discounter,Conventional,800,Aldi Nord,Aldi,Rahlstedt,Wandsbek,26565949,76,31937,4710.4
211060,D11060,5450,115,4360000,Aldi,105,Berliner Platz 1-24,22045,Discounter,Conventional,800,Aldi Nord,Aldi,Jenfeld,Wandsbek,4991226,48,28563,5336.7
211061,D11061,5450,115,4360000,Aldi,741,RandStrasse 77,22525,Discounter,Conventional,800,Aldi Nord,Aldi,Stellingen,Eimsbuettel,6084188,90,31448,1815.4
211062,D11062,5450,115,4360000,Aldi,417,Heussweg 37-39,20255,Discounter,Conventional,800,Aldi Nord,Aldi,Eimsbuettel,Eimsbuettel,3203037,24,37982,103.6
211063,D11063,5450,115,4360000,Aldi,493,Kandinskyallee 4-12,22115,Discounter,Conventional,800,Aldi Nord,Aldi,Billstedt,Hamburg-Mitte,16923802,13,25123,6109.0
211064,D11064,5450,115,4360000,Aldi,686,OsterfeldStrasse 39,22529,Discounter,Conventional,800,Aldi Nord,Aldi,Lokstedt,Eimsbuettel,4896094,55,46623,2116.6
211065,D11065,5450,115,4360000,Aldi,895,Tibarg 41-43,22459,Discounter,Conventional,800,Aldi Nord,Aldi,Niendorf,Eimsbuettel,12417855,68,39548,80.0
211066,D11066,5450,115,4360000,Aldi,580,Lueneburger Strasse 39,21073,Discounter,Conventional,800,Aldi Nord,Aldi,Harburg,Harburg,3599112,38,24311,381.4
211067,D11067,5450,115,4360000,Aldi,701,Paul-Dessau-Strasse 8,22761,Discounter,Conventional,800,Aldi Nord,Aldi,Bahrenfeld,Altona,10541166,7,58638,487.4
211068,D11068,5450,115,4360000,Aldi,186,Cuxhavener Strasse 402,21149,Discounter,Conventional,800,Aldi Nord,Aldi,Neugraben-Fischbek,Harburg,22523326,64,29480,840.5
211069,D11069,5450,115,4360000,Aldi,117,Billhorner Roehrendamm 145-147,20539,Discounter,Conventional,800,Aldi Nord,Aldi,Rothenburgsort,Hamburg-Mitte,5072026,80,19475,2895.8
211070,D11070,5450,115,4360000,Aldi,247,Ernst-August-Stieg 7,21107,Discounter,Conventional,800,Aldi Nord,Aldi,Wilhelmsburg,Hamburg-Mitte,30736334,101,16532,4335.6
211071,D11071,5450,115,4360000,Aldi,199,DratelnStrasse 23-25,21109,Discounter,Conventional,800,Aldi Nord,Aldi,Wilhelmsburg,Hamburg-Mitte,30736334,101,20695,4793.7
211072,D11072,5450,115,4360000,Aldi,8,Alsterdorfer Markt 4,22297,Discounter,Conventional,800,Aldi Nord,Aldi,Alsterdorf,Hamburg-Nord,2900351,2,46062,2097.3
211073,D11073,5450,115,4360000,Aldi,354,Gustav-Adolf-Strasse 92,22043,Discounter,Conventional,800,Aldi Nord,Aldi,Marienthal,Wandsbek,3213231,57,33814,2308.9
211074,D11074,5450,115,4360000,Aldi,216,EiffeStrasse 406-418,20537,Discounter,Conventional,800,Aldi Nord,Aldi,Hamm,Hamburg-Mitte,3659862,36,23301,1027.5
211075,D11075,5450,115,4354550,Aldi,221,Eimsbuetteler Chaussee 85,20259,Discounter,Conventional,799,Aldi Nord,Aldi,Eimsbuettel,Eimsbuettel,3203037,24,31822,601.5
211076,D11076,5450,115,4905000,Aldi,133,Bornheide 17,22549,Discounter,Conventional,900,Aldi Nord,Aldi,Osdorf,Altona,7250916,72,42956,2361.0
211077,D11077,5450,115,4905000,Aldi,821,Sieker LandStrasse 29,22143,Discounter,Conventional,900,Aldi Nord,Aldi,Rahlstedt,Wandsbek,26565949,76,31937,4516.9
211078,D11078,5450,115,4905000,Aldi,902,Tonndorfer HauptStrasse 28,22045,Discounter,Conventional,900,Aldi Nord,Aldi,Tonndorf,Wandsbek,3941170,94,26876,3713.9
211079,D11079,5450,115,4905000,Aldi,157,Bramfelder Strasse 103,22305,Discounter,Conventional,900,Aldi Nord,Aldi,Barmbek-Nord,Hamburg-Nord,3780652,8,23260,654.4
211080,D11080,5450,115,4905000,Aldi,370,Hamburger Strasse 23,22083,Discounter,Conventional,900,Aldi Nord,Aldi,Barmbek-Sued,Hamburg-Nord,3046061,9,39700,1464.4
211081,D11081,5450,115,5286500,Aldi,634,Nedderfeld 70,22529,Discounter,Conventional,970,Aldi Nord,Aldi,Eppendorf,Hamburg-Nord,2669829,26,46623,2127.5
211082,D11082,5450,115,5450000,Aldi,338,Grosse BergStrasse 152-162,22767,Discounter,Conventional,1000,Aldi Nord,Aldi,Altona-Altstadt,Altona,2304126,5,28304,
211083,D11083,5450,115,5450000,Aldi,732,Querkamp 69,22119,Discounter,Conventional,1000,Aldi Nord,Aldi,Horn,Hamburg-Mitte,5851881,45,21404,2999.2
211084,D11084,5450,115,5450000,Aldi,215,Eidelstedter Weg 44,20255,Discounter,Conventional,1000,Aldi Nord,Aldi,Lokstedt,Eimsbuettel,4896094,55,36222,679.8
211085,D11085,5450,115,5450000,Aldi,798,Schiffbeker Weg 27,22111,Discounter,Conventional,1000,Aldi Nord,Aldi,Billstedt,Hamburg-Mitte,16923802,13,21404,3723.1
211086,D11086,5450,115,5450000,Aldi,770,Roenneburger Strasse 5,21079,Discounter,Conventional,1000,Aldi Nord,Aldi,Wilstorf,Harburg,3422804,102,24496,2075.3
211087,D11087,5450,115,5450000,Aldi,481,Johannes-Buell-Weg 1a,22399,Discounter,Conventional,1000,Aldi Nord,Aldi,Hummelsbuettel,Wandsbek,9083577,46,42596,3950.1
211088,D11088,5450,115,5450000,Aldi,168,Buchenkamp 94,22359,Discounter,Conventional,1000,Aldi Nord,Aldi,Volksdorf,Wandsbek,11576239,97,59711,1599.2
211089,D11089,5450,115,5450000,Aldi,984,Zirkusweg 4-6,20359,Discounter,Conventional,1000,Aldi Nord,Aldi,St.Pauli,Hamburg-Mitte,2107349,87,24883,1252.0
211090,D11090,5450,115,5450000,Aldi,523,Kressenweg 24-34,22549,Discounter,Conventional,1000,Aldi Nord,Aldi,Lurup,Altona,6292323,56,33485,3533.7
211091,D11091,5450,115,5450000,Aldi,107,Berner Chaussee 16,22175,Discounter,Conventional,1000,Aldi Nord,Aldi,Bramfeld,Wandsbek,10065838,17,33010,3899.5
211092,D11092,5450,115,5450000,Aldi,361,Haldesdorfer Strasse 86,22179,Discounter,Conventional,1000,Aldi Nord,Aldi,Bramfeld,Wandsbek,10065838,17,28436,2329.6
211093,D11093,5450,115,5450000,Aldi,500,Kieler Strasse 555,22525,Discounter,Conventional,1000,Aldi Nord,Aldi,Stellingen,Eimsbuettel,6084188,90,29957,2963.0
211094,D11094,5450,115,5450000,Aldi,680,Osdorfer LandStrasse 1a,22607,Discounter,Conventional,1000,Aldi Nord,Aldi,Grob Flottbek,Altona,2370732,32,57408,2368.3
211095,D11095,5450,115,5450000,Aldi,819,Seeveplatz 1,21073,Discounter,Conventional,1000,Aldi Nord,Aldi,Harburg,Harburg,3599112,38,25230,775.3
211096,D11096,5450,115,5450000,Aldi,516,Koehlfleet-Hauptdeich 7,21129,Discounter,Conventional,1000,Aldi Nord,Aldi,Finkenwerder und Waltershof,Hamburg-Mitte,17704908,28,30441,90.2
211097,D11097,5450,115,5450000,Aldi,808,Schreyerring 6,22309,Discounter,Conventional,1000,Aldi Nord,Aldi,Steilshoop,Wandsbek,2498357,88,25712,2411.0
211098,D11098,5450,115,5450000,Aldi,674,Oldesloer Strasse 50,22457,Discounter,Conventional,1000,Aldi Nord,Aldi,Schnelsen,Eimsblttel,8950744,83,36104,1997.4
211099,D11099,5450,115,5450000,Aldi,645,Neuer Weg 37b,21029,Discounter,Conventional,1000,Aldi Nord,Aldi,Bergedorf,Bergedorf,10267720,10,33511,358.4
211100,D11100,5450,115,5450000,Aldi,882,Suelldorfer LandStrasse 158,22589,Discounter,Conventional,1000,Aldi Nord,Aldi,Suelldorf,Altona,5736112,92,39944,668.6
211101,D11101,5920,125,2409440,Lidl,757,Reinstorfweg 16,21107,Discounter,Conventional,407,Lidl,Lidl,Wilhelmsburg,Hamburg-Mitte,30736334,101,20695,4713.8
211102,D11102,5920,125,2427200,Lidl,376,Hammer Steindamm 40-42,22089,Discounter,Conventional,410,Lidl,Lidl,Eilbek,Wandsbek,1751374,23,33940,709.8
211103,D11103,5920,125,4144000,Lidl,52,Appelhoff 1,22309,Discounter,Conventional,700,Lidl,Lidl,Steilshoop,Wandsbek,2498357,88,25712,1990.2
211104,D11104,5920,125,4144000,Lidl,187,Cuxhavener Strasse 407,21149,Discounter,Conventional,700,Lidl,Lidl,Neugraben-Fischbek,Harburg,22523326,64,29480,1031.1
211105,D11105,5920,125,4209120,Lidl,214,Eidelstedter Weg 24,20255,Discounter,Conventional,711,Lidl,Lidl,Lokstedt,Eimsbuettel,4896094,55,36222,644.9
211106,D11106,5920,125,4321600,Lidl,496,Kieler Strasse 310,22525,Discounter,Conventional,730,Lidl,Lidl,Stellingen,Eimsbuettel,6084188,90,33225,1114.7
211107,D11107,5920,125,5920000,Lidl,360,Haldesdorfer Strasse 74-80,22179,Discounter,Conventional,1000,Lidl,Lidl,Bramfeld,Wandsbek,10065838,17,28436,2230.9
211108,D11108,5920,125,5920000,Lidl,132,Borgweg 2-6,22303,Discounter,Conventional,1000,Lidl,Lidl,Winterhude,Hamburg-Nord,7127776,103,49819,620.7
211109,D11109,5920,125,4730080,Lidl,768,Roenneburger Strasse 23,21079,Discounter,Conventional,799,Lidl,Lidl,Wilstorf,Harburg,3422804,102,24496,2203.3
211110,D11110,5920,125,4730080,Lidl,372,Hammer LandStrasse 162,20537,Discounter,Conventional,799,Lidl,Lidl,Hamm,Hamburg-Mitte,3659862,36,22402,614.2
211111,D11111,5920,125,4736000,Lidl,748,Reeperbahn 157,20359,Discounter,Conventional,800,Lidl,Lidl,St.Pauli,Hamburg-Mitte,2107349,87,27436,830.7
211112,D11112,5920,125,4736000,Lidl,64,Bahrenfelder Chaussee 39,22761,Discounter,Conventional,800,Lidl,Lidl,Bahrenfeld,Altona,10541166,7,35017,629.9
211113,D11113,5920,125,4736000,Lidl,46,Am Veringhof 1,21107,Discounter,Conventional,800,Lidl,Lidl,Wilhelmsburg,Hamburg-Mitte,30736334,101,20695,5230.1
211114,D11114,5920,125,4736000,Lidl,518,KollauStrasse 129-135,22453,Discounter,Conventional,800,Lidl,Lidl,Niendorf,Eimsbuettel,12417855,68,39052,1386.3
211115,D11115,5920,125,4736000,Lidl,901,Tonndorfer HauptStrasse 173-177,22045,Discounter,Conventional,800,Lidl,Lidl,Tonndorf,Wandsbek,3941170,94,31077,5322.1
211116,D11116,5920,125,4736000,Lidl,18,Alsterkrugchaussee 309,22297,Discounter,Conventional,800,Lidl,Lidl,Grob Borstel,Hamburg-Nord,3985745,31,46148,1961.3
211117,D11117,5920,125,4736000,Lidl,758,RennbahnStrasse 115,22111,Discounter,Conventional,800,Lidl,Lidl,Horn,Hamburg-Mitte,5851881,45,37338,1496.5
211118,D11118,5920,125,4736000,Lidl,44,Am Stadtrand 21,22047,Discounter,Conventional,800,Lidl,Lidl,Wandsbek,Wandsbek,5943628,99,29247,2856.1
211119,D11119,5920,125,4736000,Lidl,55,Asbrookdamm 37,22115,Discounter,Conventional,800,Lidl,Lidl,Billstedt,Hamburg-Mitte,16923802,13,25123,5864.9
211120,D11120,5920,125,4736000,Lidl,683,Osdorfer LandStrasse 403,22589,Discounter,Conventional,800,Lidl,Lidl,Iserbrook,Altona,2670153,47,57374,298.6
211121,D11121,5920,125,4736000,Lidl,61,Ausschlaeger Allee 174,20539,Discounter,Conventional,800,Lidl,Lidl,Rothenburgsort,Hamburg-Mitte,5072026,80,21922,3091.3
211122,D11122,5920,125,4736000,Lidl,171,Buxtehuder Strasse 28,21073,Discounter,Conventional,800,Lidl,Lidl,Heimfeld,Harburg,12278635,41,24311,794.0
211123,D11123,5920,125,4736000,Lidl,568,Lohbruegger LandStrasse 126,21031,Discounter,Conventional,800,Lidl,Lidl,Lohbruegge,Bergedorf,13044963,54,28027,2565.6
211124,D11124,5920,125,4736000,Lidl,161,BrauhausStrasse 23,22041,Discounter,Conventional,800,Lidl,Lidl,Wandsbek,Wandsbek,5943628,99,32328,377.4
211125,D11125,5920,125,4736000,Lidl,524,Kressenweg 34,22549,Discounter,Conventional,800,Lidl,Lidl,Lurup,Altona,6292323,56,33485,3544.8
211126,D11126,5920,125,4736000,Lidl,883,Suelldorfer LandStrasse 188,22589,Discounter,Conventional,800,Lidl,Lidl,Suelldorf,Altona,5736112,92,42883,363.9
211127,D11127,5920,125,4736000,Lidl,456,Horner Brueckenweg 12-14,22113,Discounter,Conventional,800,Lidl,Lidl,Horn,Hamburg-Mitte,5851881,45,21404,2671.2
211128,D11128,5920,125,4736000,Lidl,473,Ivo-Hauptmann-Ring 1,22159,Discounter,Conventional,800,Lidl,Lidl,Farmsen-Berne,Wandsbek,8226357,27,30218,4643.5
211129,D11129,5920,125,4736000,Lidl,86,Barsbuetteler Strasse 33,22043,Discounter,Conventional,800,Lidl,Lidl,Jenfeld,Wandsbek,4991226,48,22447,5096.1
211130,D11130,5920,125,4736000,Lidl,183,Cuxhavener Strasse 126-128,21149,Discounter,Conventional,800,Lidl,Lidl,Hausbruch,Harburg,9834942,40,29160,2648.8
211131,D11131,5920,125,4736000,Lidl,720,Pinneberger Strasse 16,22457,Discounter,Conventional,800,Lidl,Lidl,Schnelsen,Eimsblttel,8950744,83,36104,2408.1
211132,D11132,5920,125,4736000,Lidl,529,Krohnstieg 55,22415,Discounter,Conventional,800,Lidl,Lidl,Langenhorn,Hamburg-Nord,13367161,52,29363,2033.3
211133,D11133,5920,125,4736000,Lidl,503,Kieler Strasse 595,22525,Discounter,Conventional,800,Lidl,Lidl,Eidelstedt,Eimsbuettel,8722266,22,29957,3255.1
211134,D11134,5920,125,4736000,Lidl,93,BehringStrasse 154,22763,Discounter,Conventional,800,Lidl,Lidl,Othmarschen,Altona,4869011,73,64695,610.1
211135,D11135,5920,125,4736000,Lidl,144,Bramfelder Chaussee 230-234,22177,Discounter,Conventional,800,Lidl,Lidl,Bramfeld,Wandsbek,10065838,17,25712,3039.9
211136,D11136,5920,125,5032000,Lidl,977,Winterhuder Weg 76,22085,Discounter,Conventional,850,Lidl,Lidl,Barmbek-Sued,Hamburg-Nord,3046061,9,44529,1006.3
211137,D11137,5920,125,5328000,Lidl,407,Hellmesbergerweg 33-35,22145,Discounter,Conventional,900,Lidl,Lidl,Rahlstedt,Wandsbek,26565949,76,31937,2108.2
211138,D11138,5920,125,5328000,Lidl,721,Poppenbuetteler Chaussee 35,22397,Discounter,Conventional,900,Lidl,Lidl,Duvenstedt,Wandsbek,6782086,21,62769,4681.4
211139,D11139,5920,125,5328000,Lidl,293,Fuhlsbuettler Strasse 184-186,22307,Discounter,Conventional,900,Lidl,Lidl,Barmbek-Nord,Hamburg-Nord,3780652,8,38146,224.1
211140,D11140,5920,125,5328000,Lidl,158,Bramfelder Strasse 58,22305,Discounter,Conventional,900,Lidl,Lidl,Barmbek-Nord,Hamburg-Nord,3780652,8,25523,783.7
211141,D11141,5920,125,5328000,Lidl,33,Altonaer Strasse 10,20357,Discounter,Conventional,900,Lidl,Lidl,Eimsbuettel,Eimsbuettel,3203037,24,29546,301.4
211142,D11142,5920,125,5328000,Lidl,534,Krummholzberg 14,21073,Discounter,Conventional,900,Lidl,Lidl,Harburg,Harburg,3599112,38,25250,512.9
211143,D11143,5920,125,5920000,Lidl,192,Dehnhaide 111-117,22081,Discounter,Conventional,1000,Lidl,Lidl,Barmbek-Sued,Hamburg-Nord,3046061,9,26805,1217.9
211144,D11144,5920,125,5920000,Lidl,137,Bornheide 9,22549,Discounter,Conventional,1000,Lidl,Lidl,Osdorf,Altona,7250916,72,42956,2460.5
211145,D11145,5920,125,5920000,Lidl,805,Schoeneberger Strasse 29,22045,Discounter,Conventional,1000,Lidl,Lidl,Jenfeld,Wandsbek,4991226,48,28563,5184.4
211146,D11146,5920,125,5920000,Lidl,854,Steindamm 94,20099,Discounter,Conventional,1000,Lidl,Lidl,St.Georg,Hamburg-Mitte,1424825,86,31079,498.7
211147,D11147,5920,125,5920000,Lidl,703,Paul-Nevermann-Platz 15-16,22765,Discounter,Conventional,1000,Lidl,Lidl,Altona-Nord,Altona,2222785,6,31563,181.9
211148,D11148,5920,125,5920000,Lidl,684,Osdorfer LandStrasse 8-10,22607,Discounter,Conventional,1000,Lidl,Lidl,Bahrenfeld,Altona,10541166,7,57408,2502.4
211149,D11149,5920,125,5920000,Lidl,815,Sieker LandStrasse 45-49,22143,Discounter,Conventional,1000,Lidl,Lidl,Rahlstedt,Wandsbek,26565949,76,31937,4599.2
211150,D11150,5920,125,5920000,Lidl,331,Grindelberg 53-55,20144,Discounter,Conventional,1000,Lidl,Lidl,Harvestehude,Eimsbuettel,1904425,39,57022,446.2
211151,D11151,5920,125,5920000,Lidl,653,Nincoper Strasse 154,21129,Discounter,Conventional,1000,Lidl,Lidl,Neuenfelde,Harburg,15452766,62,33141,5502.4
211152,D11152,5920,125,5920000,Lidl,163,Bremer Strasse 181,21073,Discounter,Conventional,1000,Lidl,Lidl,Eissendorf,Harburg,8339152,25,27998,943.1
211153,D11153,5920,125,5920000,Lidl,538,KuemmellStrasse 4-8,20249,Discounter,Conventional,1000,Lidl,Lidl,Eppendorf,Hamburg-Nord,2669829,26,60181,1092.5
211154,D11154,5920,125,5920000,Lidl,735,Rahel-Varnhagen-Weg 26,21035,Discounter,Conventional,1000,Lidl,Lidl,Neuallermoehe,Bergedorf,4204288,61,30454,2174.2
211155,D11155,5920,125,5920000,Lidl,60,August-Krogmann-Strasse 192,22159,Discounter,Conventional,1000,Lidl,Lidl,Farmsen-Berne,Wandsbek,8226357,27,29836,4442.7
211156,D11156,5920,125,5920000,Lidl,179,Claus-Ferck-Strasse 35-37,22359,Discounter,Conventional,1000,Lidl,Lidl,Volksdorf,Wandsbek,11576239,97,59711,490.3
211157,D11157,5920,125,5920000,Lidl,173,Carl-Petersen-Strasse 55-57,20535,Discounter,Conventional,1000,Lidl,Lidl,Hamm,Hamburg-Mitte,3659862,36,26115,575.3
211158,D11158,5920,125,5920000,Lidl,830,Sperberhorst 5-9,22459,Discounter,Conventional,1000,Lidl,Lidl,Niendorf,Eimsbuettel,12417855,68,39548,1379.4
211159,D11159,5920,125,11834080,Lidl,746,ReclamStrasse 19,22111,Discounter,Conventional,1999,Lidl,Lidl,Billstedt,Hamburg-Mitte,16923802,13,23294,4326.1
211160,D11160,3970,84,992500,Netto City,490,KanalStrasse 12-14,22085,Discounter,Conventional,250,Netto,Netto,Uhlenhorst,Hamburg-Nord,1655700,95,44529,1045.6
211161,D11161,3970,84,1194970,Netto City,428,Hoheluftchaussee 109,20253,Discounter,Conventional,301,Netto,Netto,Hoheluft-West,Eimsbuettel,719573,43,47016,460.6
211162,D11162,3970,84,1270400,Netto City,261,Farmsener LandStrasse 193,22359,Discounter,Conventional,320,Netto,Netto,Volksdorf,Wandsbek,11576239,97,59711,344.5
211163,D11163,3970,84,1460960,Netto City,421,Hinterm Graben 16,21029,Discounter,Conventional,368,Netto,Netto,Bergedorf,Bergedorf,10267720,10,30769,149.6
211164,D11164,3970,84,1488750,Netto City,332,Grindelhof 23,20146,Discounter,Conventional,375,Netto,Netto,Rotherbaum,Eimsbuettel,2163991,81,55706,384.3
211165,D11165,3970,84,1512570,Netto City,326,Grindelallee 154-156,20146,Discounter,Conventional,381,Netto,Netto,Rotherbaum,Eimsbuettel,2163991,81,65474,491.5
211166,D11166,3970,84,1611820,Netto City,29,Alter Steinweg 13,20459,Discounter,Conventional,406,Netto,Netto,Neustadt,Hamburg-Mitte,1952159,66,30200,1116.2
211167,D11167,3970,84,1647550,Netto City,916,Vogt-Wells-Strasse 14,22529,Discounter,Conventional,415,Netto,Netto,Lokstedt,Eimsbuettel,4896094,55,39193,2405.2
211168,D11168,3970,84,1734890,Netto City,286,Fruchtallee 123,20259,Discounter,Conventional,437,Netto,Netto,Eimsbuettel,Eimsbuettel,3203037,24,31529,130.6
211169,D11169,3970,84,1711070,Netto City,409,HerderStrasse 17-19,22085,Discounter,Conventional,431,Netto,Netto,Uhlenhorst,Hamburg-Nord,1655700,95,46292,447.9
211170,D11170,3970,84,1754740,Netto City,374,Hammer LandStrasse 76,20537,Discounter,Conventional,442,Netto,Netto,Hamm,Hamburg-Mitte,3659862,36,24213,483.9
211171,D11171,3970,84,1838110,Netto City,932,Wandsbeker Chaussee 220,22089,Discounter,Conventional,463,Netto,Netto,Eilbek,Wandsbek,1751374,23,33161,598.5
211172,D11172,3970,84,1885750,Netto,226,Elbchaussee 576-578,22587,Discounter,Conventional,475,Netto,Netto,Blankenese,Altona,5733578,15,119758,587.7
211173,D11173,3970,84,1988970,Netto City,620,Moellner LandStrasse 250,22117,Discounter,Conventional,501,Netto,Netto,Billstedt,Hamburg-Mitte,16923802,13,22219,5999.4
211174,D11174,3970,84,2143800,Netto,556,Langenhorner Markt 11a,22415,Discounter,Conventional,540,Netto,Netto,Langenhorn,Hamburg-Nord,13367161,52,29363,2131.6
211175,D11175,3970,84,2278780,Netto,906,Trelder Weg 10,21079,Discounter,Conventional,574,Netto,Netto,Wilstorf,Harburg,3422804,102,30663,2398.9
211176,D11176,3970,84,2366120,Netto,255,FabriciusStrasse 21-23,22177,Discounter,Conventional,596,Netto,Netto,Bramfeld,Wandsbek,10065838,17,27963,1098.2
211177,D11177,3970,84,2596380,Netto,492,Kandinskyallee 23f,22115,Discounter,Conventional,654,Netto,Netto,Billstedt,Hamburg-Mitte,16923802,13,22219,6410.9
211178,D11178,3970,84,2691660,Netto,12,Alsterdorfer Strasse 21-23,22299,Discounter,Conventional,678,Netto,Netto,Winterhude,Hamburg-Nord,7127776,103,55000,468.3
211179,D11179,3970,84,2751210,Netto,577,Luedersring 70,22547,Discounter,Conventional,693,Netto,Netto,Lurup,Altona,6292323,56,28750,4125.5
211180,D11180,3970,84,2751210,Netto,359,Haldesdorfer Strasse 112,22179,Discounter,Conventional,693,Netto,Netto,Bramfeld,Wandsbek,10065838,17,28436,2571.6
211181,D11181,3970,84,2834580,Netto,613,MendelStrasse 28,21031,Discounter,Conventional,714,Netto,Netto,Lohbruegge,Bergedorf,13044963,54,28027,3189.4
211182,D11182,3970,84,3072780,Netto,843,Steilshooper Allee 57-59,22309,Discounter,Conventional,774,Netto,Netto,Steilshoop,Wandsbek,2498357,88,29269,1935.7
211183,D11183,3970,84,3076750,Netto,763,Rodigallee 217,22043,Discounter,Conventional,775,Netto,Netto,Jenfeld,Wandsbek,4991226,48,22447,3933.5
211184,D11184,3970,84,3076750,Netto,284,FrohmeStrasse 77,22459,Discounter,Conventional,775,Netto,Netto,Schnelsen,Eimsblttel,8950744,83,37826,1955.1
211185,D11185,3970,84,3076750,Netto,396,Heidhorst 1,21031,Discounter,Conventional,775,Netto,Netto,Lohbruegge,Bergedorf,13044963,54,28027,4475.7
211186,D11186,3970,84,3124390,Netto,966,WeusthoffStrasse 35a,21075,Discounter,Conventional,787,Netto,Netto,Eissendorf,Harburg,8339152,25,30184,246.7
211187,D11187,3970,84,3172030,Netto,347,Groten Hoff 21,22359,Discounter,Conventional,799,Netto,Netto,Volksdorf,Wandsbek,11576239,97,59711,164.6
211188,D11188,3970,84,3176000,Netto,51,Anita-Sellenschloh-Ring 1,22417,Discounter,Conventional,800,Netto,Netto,Langenhorn,Hamburg-Nord,13367161,52,33012,4714.2
211189,D11189,3970,84,3275250,Netto,583,Luruper HauptStrasse 262,22547,Discounter,Conventional,825,Netto,Netto,Lurup,Altona,6292323,56,25548,3556.9
211190,D11190,3970,84,3374500,Netto,1,Ahrensburger Strasse 150,22045,Discounter,Conventional,850,Netto,Netto,Tonndorf,Wandsbek,3941170,94,27056,3102.6
211191,D11191,3970,84,3573000,Netto,610,Meiendorfer Strasse 85,22145,Discounter,Conventional,900,Netto,Netto,Rahlstedt,Wandsbek,26565949,76,31937,2881.1
211192,D11192,3970,84,3573000,Netto,355,Haferkamp 8,22081,Discounter,Conventional,900,Netto,Netto,Barmbek-Sued,Hamburg-Nord,3046061,9,25523,1112.3
211193,D11193,3970,84,3584910,Netto,395,HegeStrasse 28-40,20251,Discounter,Conventional,903,Netto,Netto,Hoheluft-Ost,Hamburg-Nord,565538,42,68501,591.2
211194,D11194,3970,84,3787380,Netto,560,LauterbachStrasse 1,21073,Discounter,Conventional,954,Netto,Netto,Harburg,Harburg,3599112,38,19755,565.7
211195,D11195,3970,84,3970000,Netto,19,Alsterkrugchaussee 533,22335,Discounter,Conventional,1000,Netto,Netto,Fuhlsbuettel,Hamburg-Nord,7774423,30,41459,398.6
211196,D11196,3970,84,3970000,Netto,532,Kroonhorst 3,22549,Discounter,Conventional,1000,Netto,Netto,Osdorf,Altona,7250916,72,34252,2368.9
211197,D11197,3970,84,3970000,Netto,322,Greifenberger Strasse 67,22147,Discounter,Conventional,1000,Netto,Netto,Rahlstedt,Wandsbek,26565949,76,31937,3577.2
211198,D11198,3970,84,4021610,Netto,337,Grosse BergStrasse 146,22767,Discounter,Conventional,1013,Netto,Netto,Altona-Altstadt,Altona,2304126,5,28304,66.8
211199,D11199,3970,84,5161000,Netto,184,Cuxhavener Strasse 335,21149,Discounter,Conventional,1300,Netto,Netto,Neugraben-Fischbek,Harburg,22523326,64,29480,341.1
211200,D11200,3970,84,3096600,Netto,32,Alter Zollweg 2,22147,Discounter,Conventional,780,Netto Nord,Netto,Rahlstedt,Wandsbek,26565949,76,31937,3730.5
211201,D11201,4714,100,1367060,Penny,402,Heimfelder Strasse 6,21075,Discounter,Conventional,290,Penny,Penny,Heimfeld,Harburg,12278635,41,26707,962.2
211202,D11202,4714,100,1428342,Penny,569,Lohbruegger LandStrasse 44,21031,Discounter,Conventional,303,Penny,Penny,Lohbruegge,Bergedorf,13044963,54,28027,1605.1
211203,D11203,4714,100,1428342,Penny,930,Wandsbeker Chaussee 162,22089,Discounter,Conventional,303,Penny,Penny,Eilbek,Wandsbek,1751374,23,28100,1012.5
211204,D11204,4714,100,1470768,Penny,151,Bramfelder Chaussee 347,22175,Discounter,Conventional,312,Penny,Penny,Bramfeld,Wandsbek,10065838,17,29330,3934.9
211205,D11205,4714,100,1565048,Penny,419,HindenburgStrasse 54,22297,Discounter,Conventional,332,Penny,Penny,Winterhude,Hamburg-Nord,7127776,103,50810,1738.9
211206,D11206,4714,100,1616902,Penny,982,ZeidlerStrasse 21-23,21107,Discounter,Conventional,343,Penny,Penny,Wilhelmsburg,Hamburg-Mitte,30736334,101,20695,4904.4
211207,D11207,4714,100,1777178,Penny,891,Thielbek 8,20355,Discounter,Conventional,377,Penny,Penny,Neustadt,Hamburg-Mitte,1952159,66,30200,972.2
211208,D11208,4714,100,1824318,Penny,238,Eppendorfer Weg 261,20251,Discounter,Conventional,387,Penny,Penny,Hoheluft-Ost,Hamburg-Nord,565538,42,61187,504.0
211209,D11209,4714,100,1824318,Penny,630,Muehlenkamp 32,22303,Discounter,Conventional,387,Penny,Penny,Winterhude,Hamburg-Nord,7127776,103,46292,263.1
211210,D11210,4714,100,1847888,Penny,681,Osdorfer LandStrasse 2,22607,Discounter,Conventional,392,Penny,Penny,Bahrenfeld,Altona,10541166,7,57408,2264.8
211211,D11211,4714,100,2328716,Penny,825,Sievekingsallee 185,22111,Discounter,Conventional,494,Penny,Penny,Horn,Hamburg-Mitte,5851881,45,20590,1725.1
211212,D11212,4714,100,2041162,Penny,810,Schulterblatt 135-137,20357,Discounter,Conventional,433,Penny,Penny,Eimsbuettel,Eimsbuettel,3203037,24,29546,444.7
211213,D11213,4714,100,2012878,Penny,373,Hammer LandStrasse 220,20537,Discounter,Conventional,427,Penny,Penny,Hamm,Hamburg-Mitte,3659862,36,22402,913.8
211214,D11214,4714,100,2097730,Penny,587,ManshardtStrasse 113b,22119,Discounter,Conventional,445,Penny,Penny,Horn,Hamburg-Mitte,5851881,45,21404,3150.5
211215,D11215,4714,100,2187296,Penny,206,Duvenstedter Damm 49,22397,Discounter,Conventional,464,Penny,Penny,Duvenstedt,Wandsbek,6782086,21,62769,4944.3
211216,D11216,4714,100,2243864,Penny,245,ErikaStrasse 62,20251,Discounter,Conventional,476,Penny,Penny,Eppendorf,Hamburg-Nord,2669829,26,55000,1015.9
211217,D11217,4714,100,2121300,Penny,88,Bauerberg 20,22111,Discounter,Conventional,450,Penny,Penny,Horn,Hamburg-Mitte,5851881,45,20590,1914.1
211218,D11218,4714,100,2168440,Penny,49,Ameisweg 4,21035,Discounter,Conventional,460,Penny,Penny,Bergedorf,Bergedorf,10267720,10,32526,2419.0
211219,D11219,4714,100,2187296,Penny,678,Osdorfer LandStrasse 118,22549,Discounter,Conventional,464,Penny,Penny,Osdorf,Altona,7250916,72,52591,2846.9
211220,D11220,4714,100,2215580,Penny,579,LuehmannStrasse 11,21075,Discounter,Conventional,470,Penny,Penny,Eissendorf,Harburg,8339152,25,30184,376.9
211221,D11221,4714,100,2225008,Penny,898,Tilsiter Strasse 2,22049,Discounter,Conventional,472,Penny,Penny,Wandsbek,Wandsbek,5943628,99,25848,2128.2
211222,D11222,4714,100,2248578,Penny,940,Wandsbeker Schuetzenhof 17,22047,Discounter,Conventional,477,Penny,Penny,Wandsbek,Wandsbek,5943628,99,28436,2774.5
211223,D11223,4714,100,2300432,Penny,791,Schaeferkampsallee 56-58,20357,Discounter,Conventional,488,Penny,Penny,Eimsbuettel,Eimsbuettel,3203037,24,43252,516.7
211224,D11224,4714,100,2333430,Penny,903,Tonndorfer HauptStrasse 66,22045,Discounter,Conventional,495,Penny,Penny,Tonndorf,Wandsbek,3941170,94,26876,4154.0
211225,D11225,4714,100,2352286,Penny,23,Alte ElbgauStrasse 18,22523,Discounter,Conventional,499,Penny,Penny,Eidelstedt,Eimsbuettel,8722266,22,28971,3592.8
211226,D11226,4714,100,2357000,Penny,236,Eppendorfer Weg 111,20259,Discounter,Conventional,500,Penny,Penny,Eimsbuettel,Eimsbuettel,3203037,24,37376,135.9
211227,D11227,4714,100,2404140,Penny,762,Rissener DorfStrasse 51,22559,Discounter,Conventional,510,Penny,Penny,Rissen,Altona,14866496,78,63196,2669.9
211228,D11228,4714,100,2781260,Penny,203,DrosselStrasse 18,22305,Discounter,Conventional,590,Penny,Penny,Barmbek-Nord,Hamburg-Nord,3780652,8,28260,390.8
211229,D11229,4714,100,2394712,Penny,92,Beerentalweg 35,21077,Discounter,Conventional,508,Penny,Penny,Eissendorf,Harburg,8339152,25,33298,1132.9
211230,D11230,4714,100,2446566,Penny,812,Schulterblatt 36,20357,Discounter,Conventional,519,Penny,Penny,Sternschanze,Altona,548429,91,29546,484.5
211231,D11231,4714,100,2498420,Penny,447,Holsteiner Chaussee 274,22457,Discounter,Conventional,530,Penny,Penny,Schnelsen,Eimsblttel,8950744,83,36104,2135.7
211232,D11232,4714,100,2592700,Penny,109,Berner Heerweg 173-175,22159,Discounter,Conventional,550,Penny,Penny,Farmsen-Berne,Wandsbek,8226357,27,31078,5138.9
211233,D11233,4714,100,2620984,Penny,182,Curslacker Heerweg 2a,21039,Discounter,Conventional,556,Penny,Penny,Curslack,Bergedorf,10573853,19,38408,3801.6
211234,D11234,4714,100,2828400,Penny,188,Cuxhavener Strasse 460,21149,Discounter,Conventional,600,Penny,Penny,Neugraben-Fischbek,Harburg,22523326,64,29480,1561.0
211235,D11235,4714,100,2658696,Penny,31,Alter Teichweg 65,22049,Discounter,Conventional,564,Penny,Penny,Dulsberg,Hamburg-Nord,1218421,20,25523,1270.2
211236,D11236,4714,100,2663410,Penny,172,Carl-Petersen-Strasse 45,20535,Discounter,Conventional,565,Penny,Penny,Hamm,Hamburg-Mitte,3659862,36,29023,613.8
211237,D11237,4714,100,2663410,Penny,165,Bremer Strasse 90,21073,Discounter,Conventional,565,Penny,Penny,Eissendorf,Harburg,8339152,25,25250,831.3
211238,D11238,4714,100,2668124,Penny,248,Ernst-Bergeest-Weg 53,21077,Discounter,Conventional,566,Penny,Penny,Marmstorf,Harburg,5843405,58,33298,1705.7
211239,D11239,4714,100,2828400,Penny,833,Spitzbergenweg 36,22145,Discounter,Conventional,600,Penny,Penny,Rahlstedt,Wandsbek,26565949,76,31937,2156.5
211240,D11240,4714,100,2672838,Penny,246,Erlerring 5,21109,Discounter,Conventional,567,Penny,Penny,Wilhelmsburg,Hamburg-Mitte,30736334,101,20695,4064.3
211241,D11241,4714,100,2696408,Penny,365,Hamburger Strasse 1-15,22083,Discounter,Conventional,572,Penny,Penny,Barmbek-Sued,Hamburg-Nord,3046061,9,39212,1522.3
211242,D11242,4714,100,3021674,Penny,743,Rappoltweg 3-5,21031,Discounter,Conventional,641,Penny,Penny,Lohbruegge,Bergedorf,13044963,54,28027,2856.7
211243,D11243,4714,100,2719978,Penny,68,Bahrenfelder Strasse 147,22765,Discounter,Conventional,577,Penny,Penny,Ottensen,Altona,2551538,74,31563,201.0
211244,D11244,4714,100,2719978,Penny,336,Groemitzer Weg 42,22147,Discounter,Conventional,577,Penny,Penny,Rahlstedt,Wandsbek,26565949,76,31937,4710.2
211245,D11245,4714,100,2828400,Penny,122,Billstedter Platz 42d,22111,Discounter,Conventional,600,Penny,Penny,Billstedt,Hamburg-Mitte,16923802,13,23294,3973.7
211246,D11246,4714,100,2823686,Penny,299,Fuhlsbuettler Strasse 428,22309,Discounter,Conventional,599,Penny,Penny,Barmbek-Nord,Hamburg-Nord,3780652,8,33708,1343.0
211247,D11247,4714,100,2828400,Penny,169,Buergerweide 64-66,20535,Discounter,Conventional,600,Penny,Penny,Borgfelde,Hamburg-Mitte,804063,16,29023,1210.7
211248,D11248,4714,100,2889682,Penny,522,Kraehenweg 4,22459,Discounter,Conventional,613,Penny,Penny,Niendorf,Eimsbuettel,12417855,68,39548,1259.7
211249,D11249,4714,100,2913252,Penny,787,Saseler Markt 14a,22393,Discounter,Conventional,618,Penny,Penny,Sasel,Wandsbek,8363060,82,58603,2230.5
211250,D11250,4714,100,2936822,Penny,717,Pinneberger Chaussee 114,22523,Discounter,Conventional,623,Penny,Penny,Eidelstedt,Eimsbuettel,8722266,22,28971,4131.6
211251,D11251,4714,100,3125382,Penny,266,Fleetplatz 1-7,21035,Discounter,Conventional,663,Penny,Penny,Neuallermoehe,Bergedorf,4204288,61,28591,3744.5
211252,D11252,4714,100,3040530,Penny,654,Nobistor 27,22767,Discounter,Conventional,645,Penny,Penny,Altona-Altstadt,Altona,2304126,5,27436,690.0
211253,D11253,4714,100,3064100,Penny,764,Rodigallee 315,22043,Discounter,Conventional,650,Penny,Penny,Jenfeld,Wandsbek,4991226,48,22447,4736.0
211254,D11254,4714,100,3082956,Penny,961,WeissenseeStrasse 5a-5e,22149,Discounter,Conventional,654,Penny,Penny,Rahlstedt,Wandsbek,26565949,76,27306,6035.8
211255,D11255,4714,100,3247946,Penny,946,Washingtonallee 87,22111,Discounter,Conventional,689,Penny,Penny,Horn,Hamburg-Mitte,5851881,45,21404,2967.6
211256,D11256,4714,100,3125382,Penny,16,Alsterdorfer Strasse 63,22299,Discounter,Conventional,663,Penny,Penny,Winterhude,Hamburg-Nord,7127776,103,53934,868.2
211257,D11257,4714,100,3064100,Penny,657,Norbert-Schmid-Platz 3,22399,Discounter,Conventional,650,Penny,Penny,Hummelsbuettel,Wandsbek,9083577,46,42596,3955.3
211258,D11258,4714,100,3257374,Penny,134,Bornheide 23,22549,Discounter,Conventional,691,Penny,Penny,Osdorf,Altona,7250916,72,42956,2310.5
211259,D11259,4714,100,3191378,Penny,548,Langenfelder Damm 29-31,20257,Discounter,Conventional,677,Penny,Penny,Eimsbuettel,Eimsbuettel,3203037,24,33225,310.5
211260,D11260,4714,100,3342226,Penny,823,Sieldeich 9-11,20539,Discounter,Conventional,709,Penny,Penny,Veddel,Hamburg-Mitte,3053946,96,13700,3307.6
211261,D11261,4714,100,3266802,Penny,585,Maimoorweg 46,22179,Discounter,Conventional,693,Penny,Penny,Bramfeld,Wandsbek,10065838,17,29453,2688.5
211262,D11262,4714,100,3370510,Penny,949,Weberade 3-5,21031,Discounter,Conventional,715,Penny,Penny,Lohbruegge,Bergedorf,13044963,54,28027,3064.8
211263,D11263,4714,100,3488360,Penny,725,Poppenbuettler HauptStrasse 5,22399,Discounter,Conventional,740,Penny,Penny,Poppenbuettel,Wandsbek,8105178,75,53568,3396.3
211264,D11264,4714,100,3488360,Penny,367,Hamburger Strasse 188,22083,Discounter,Conventional,740,Penny,Penny,Barmbek-Sued,Hamburg-Nord,3046061,9,30047,1513.9
211265,D11265,4714,100,3535500,Penny,747,Reeperbahn 108-114,20359,Discounter,Conventional,750,Penny,Penny,St.Pauli,Hamburg-Mitte,2107349,87,27436,1093.9
211266,D11266,4714,100,3610924,Penny,21,Alte Berner Strasse 10,22147,Discounter,Conventional,766,Penny,Penny,Rahlstedt,Wandsbek,26565949,76,31078,2846.4
211267,D11267,4714,100,3676920,Penny,566,LiliencronStrasse 84-102,22149,Discounter,Conventional,780,Penny,Penny,Rahlstedt,Wandsbek,26565949,76,31937,6263.4
211268,D11268,4714,100,3771200,Penny,774,Rothenburgsorter Marktplatz 1a,20539,Discounter,Conventional,800,Penny,Penny,Rothenburgsort,Hamburg-Mitte,5072026,80,19475,3048.9
211269,D11269,4714,100,3771200,Penny,244,Erdkampsweg 43,22335,Discounter,Conventional,800,Penny,Penny,Fuhlsbuettel,Hamburg-Nord,7774423,30,36770,452.7
211270,D11270,4714,100,3771200,Penny,562,Lentersweg 38-40,22339,Discounter,Conventional,800,Penny,Penny,Hummelsbuettel,Wandsbek,9083577,46,34333,1225.1
211271,D11271,4714,100,3771200,Penny,394,Hegeneck 5-21,22149,Discounter,Conventional,800,Penny,Penny,Rahlstedt,Wandsbek,26565949,76,31937,6404.5
211272,D11272,4714,100,3771200,Penny,495,Kieler Strasse 236,22525,Discounter,Conventional,800,Penny,Penny,Eimsbuettel,Eimsbuettel,3203037,24,33225,555.0
211273,D11273,4714,100,3771200,Penny,300,Fuhlsbuettler Strasse 599,22337,Discounter,Conventional,800,Penny,Penny,Ohlsdorf,Hamburg-Nord,7160747,71,37326,2256.5
211274,D11274,4714,100,3771200,Penny,25,Alte HolstenStrasse 23-25,21031,Discounter,Conventional,800,Penny,Penny,Lohbruegge,Bergedorf,13044963,54,30769,858.6
211275,D11275,4714,100,3771200,Penny,780,Rugenbarg 85-87,22549,Discounter,Conventional,800,Penny,Penny,Osdorf,Altona,7250916,72,42956,2209.0
211276,D11276,4714,100,3771200,Penny,229,ElbgauStrasse 122,22547,Discounter,Conventional,800,Penny,Penny,Lurup,Altona,6292323,56,27260,4436.6
211277,D11277,4714,100,3771200,Penny,663,Oberer Landweg 7,21033,Discounter,Conventional,800,Penny,Penny,Bergedorf,Bergedorf,10267720,10,29645,1911.6
211278,D11278,4714,100,3959760,Penny,153,Bargteheider Strasse 83-87,22143,Discounter,Conventional,840,Penny,Penny,Rahlstedt,Wandsbek,26565949,76,31937,5061.6
211279,D11279,4714,100,3959760,Penny,790,Saseler Strasse 136a,22145,Discounter,Conventional,840,Penny,Penny,Rahlstedt,Wandsbek,26565949,76,31078,2294.8
211280,D11280,4714,100,4006900,Penny,275,Friedrich-Ebert-Damm 44,22047,Discounter,Conventional,850,Penny,Penny,Wandsbek,Wandsbek,5943628,99,23733,1806.9
211281,D11281,4714,100,4101180,Penny,391,Heegbarg 31,22391,Discounter,Conventional,870,Penny,Penny,Poppenbuettel,Wandsbek,8105178,75,53568,3301.4
211282,D11282,4714,100,4242600,Penny,814,Schwarzer Weg 2-6,22309,Discounter,Conventional,900,Penny,Penny,Steilshoop,Wandsbek,2498357,88,25966,1817.1
211283,D11283,4714,100,4242600,Penny,848,Steindamm 22,20099,Discounter,Conventional,900,Penny,Penny,St.Georg,Hamburg-Mitte,1424825,86,30196,379.1
211284,D11284,4714,100,4242600,Penny,880,Suelldorfer Kirchenweg 2b,22587,Discounter,Conventional,900,Penny,Penny,Blankenese,Altona,5733578,15,71828,586.2
211285,D11285,4714,100,4242600,Penny,466,Hummelsbuetteler Weg 52-56,22339,Discounter,Conventional,900,Penny,Penny,Hummelsbuettel,Wandsbek,9083577,46,36661,2437.8
211286,D11286,4714,100,4299168,Penny,846,Steinbeker Grenzdamm 4-6,22115,Discounter,Conventional,912,Penny,Penny,Billstedt,Hamburg-Mitte,16923802,13,25123,5921.1
211287,D11287,4714,100,4435874,Penny,6,AlgermissenStrasse 2,21109,Discounter,Conventional,941,Penny,Penny,Wilhelmsburg,Hamburg-Mitte,30736334,101,20695,4744.6
211288,D11288,4714,100,4629148,Penny,274,Friedensallee 98,22763,Discounter,Conventional,982,Penny,Penny,Ottensen,Altona,2551538,74,35017,157.7
211289,D11289,4714,100,4714000,Penny,418,Heussweg 52-54,20255,Discounter,Conventional,1000,Penny,Penny,Eimsbuettel,Eimsbuettel,3203037,24,37982,140.2
211290,D11290,4714,100,4714000,Penny,658,Nordalbingerweg 11,22455,Discounter,Conventional,1000,Penny,Penny,Niendorf,Eimsbuettel,12417855,68,39548,1912.1
211291,D11291,4714,100,6599600,Penny,201,Droopweg 25,20537,Discounter,Conventional,1400,Penny,Penny,Hamm,Hamburg-Mitte,3659862,36,22402,895.3
211292,D11292,4714,100,10087960,Penny,62,Aussenmuehlenweg 10,21073,Discounter,Conventional,2140,Penny,Penny,Wilstorf,Harburg,3422804,102,22126,989.3
511002,L11002,4112,174,3289600,E-aktiv Markt,938,Wandsbeker MarktStrasse 38,22041,Large_Full_Service,Conventional,800,Edeka Nord,Edeka,Marienthal,Wandsbek,3213231,57,33940,93.3
511003,L11003,4112,174,3495200,E-aktiv Markt,253,EulenkrugStrasse 55-57,22359,Large_Full_Service,Conventional,850,Edeka Nord,Edeka,Volksdorf,Wandsbek,11576239,97,59711,313.6
511004,L11004,4112,174,3536320,E-aktiv Markt,259,Fahrenort 98,22547,Large_Full_Service,Conventional,860,Edeka Nord,Edeka,Lurup,Altona,6292323,56,25548,3867.4
511005,L11005,4112,174,3384176,E-aktiv Markt,592,Marienthaler Strasse 145,20535,Large_Full_Service,Conventional,823,Edeka Nord,Edeka,Hamm,Hamburg-Mitte,3659862,36,36113,542.0
511006,L11006,4112,174,3412960,E-aktiv Markt,588,ManshardtStrasse 115g,22119,Large_Full_Service,Conventional,830,Edeka Nord,Edeka,Horn,Hamburg-Mitte,5851881,45,21404,3178.2
511007,L11007,4112,174,4050320,E-aktiv Markt,789,Saseler Markt 19-20,22393,Large_Full_Service,Conventional,985,Edeka Nord,Edeka,Sasel,Wandsbek,8363060,82,58603,2296.6
511008,L11008,4112,174,3495200,E-aktiv Markt,919,Volksdorfer Damm 271,22395,Large_Full_Service,Conventional,850,Edeka Nord,Edeka,Bergstedt,Wandsbek,7039240,11,48075,845.8
511009,L11009,4112,174,3700800,E-aktiv Markt,233,Eppendorfer LandStrasse 108-110,20249,Large_Full_Service,Conventional,900,Edeka Nord,Edeka,Eppendorf,Hamburg-Nord,2669829,26,55000,902.6
511010,L11010,4112,174,3700800,E-aktiv Markt,465,Hummelsbuetteler Markt 34,22339,Large_Full_Service,Conventional,900,Edeka Nord,Edeka,Hummelsbuettel,Wandsbek,9083577,46,36661,2375.7
511011,L11011,4112,174,3700800,E-aktiv Markt,294,Fuhlsbuettler Strasse 188-190,22307,Large_Full_Service,Conventional,900,Edeka Nord,Edeka,Barmbek-Nord,Hamburg-Nord,3780652,8,38146,300.4
511012,L11012,4112,174,3836496,E-aktiv Markt,397,Heidhorst 4,21031,Large_Full_Service,Conventional,933,Edeka Nord,Edeka,Lohbruegge,Bergedorf,13044963,54,28027,4422.7
511013,L11013,4112,174,3865280,E-aktiv Markt,858,Strassburger Strasse 34,22049,Large_Full_Service,Conventional,940,Edeka Nord,Edeka,Dulsberg,Hamburg-Nord,1218421,20,25996,1138.4
511014,L11014,4112,174,4811040,E-aktiv Markt,258,Fahrenkroen 133,22179,Large_Full_Service,Conventional,1170,Edeka Nord,Edeka,Bramfeld,Wandsbek,10065838,17,29836,4552.5
511015,L11015,4112,174,4112000,E-aktiv Markt,9,Alsterdorfer Markt 8,22297,Large_Full_Service,Conventional,1000,Edeka Nord,Edeka,Alsterdorf,Hamburg-Nord,2900351,2,46062,2072.5
511016,L11016,4112,174,4523200,E-aktiv Markt,905,Traberweg 1,22159,Large_Full_Service,Conventional,1100,Edeka Nord,Edeka,Farmsen-Berne,Wandsbek,8226357,27,29541,3833.5
511017,L11017,4112,174,3906400,E-aktiv Markt,220,Eimsbuetteler Chaussee 17,20259,Large_Full_Service,Conventional,950,Edeka Nord,Edeka,Eimsbuettel,Eimsbuettel,3203037,24,30953,529.1
511018,L11018,4112,174,4112000,E-aktiv Markt,520,KoppelStrasse 47-49,22529,Large_Full_Service,Conventional,1000,Edeka Nord,Edeka,Lokstedt,Eimsbuettel,4896094,55,35068,1824.5
511019,L11019,4112,174,4112000,E-aktiv Markt,706,Paul-Roosen-Strasse 8,22767,Large_Full_Service,Conventional,1000,Edeka Nord,Edeka,St.Pauli,Hamburg-Mitte,2107349,87,27436,1004.2
511020,L11020,4112,174,3906400,E-aktiv Markt,20,Alte Aue 2,21129,Large_Full_Service,Conventional,950,Edeka Nord,Edeka,Finkenwerder und Waltershof,Hamburg-Mitte,17704908,28,30441,245.6
511021,L11021,4112,174,5345600,E-aktiv Markt,863,StresemannStrasse 161,22769,Large_Full_Service,Conventional,1300,Edeka Nord,Edeka,Altona-Nord,Altona,2222785,6,30332,1045.3
511022,L11022,4112,174,7812800,E-aktiv Markt,431,Hoheluftchaussee 52-54,20253,Large_Full_Service,Conventional,1900,Edeka Nord,Edeka,Hoheluft-West,Eimsbuettel,719573,43,55018,214.3
511023,L11023,4112,174,5962400,E-aktiv Markt,710,Pezolddamm 154,22159,Large_Full_Service,Conventional,1450,Edeka Nord,Edeka,Farmsen-Berne,Wandsbek,8226357,27,29836,4136.3
511024,L11024,4112,174,6168000,E-aktiv Markt,822,Sieker LandStrasse 31,22143,Large_Full_Service,Conventional,1500,Edeka Nord,Edeka,Rahlstedt,Wandsbek,26565949,76,31937,4528.6
511025,L11025,4112,174,7956720,E-aktiv Markt,638,Neuengammer Hausdeich 215,21039,Large_Full_Service,Conventional,1935,Edeka Nord,Edeka,Neuengamme,Bergedorf,18143224,63,38408,3800.6
511026,L11026,4112,174,8141760,E-center,933,Wandsbeker Chaussee 248,22089,Large_Full_Service,Conventional,1980,Edeka Nord,Edeka,Eilbek,Wandsbek,1751374,23,33161,447.8
511027,L11027,4112,174,10280000,E-center,154,Bramfelder Chaussee 84-86,22177,Large_Full_Service,Conventional,2500,Edeka Nord,Edeka,Bramfeld,Wandsbek,10065838,17,28436,1635.3
511028,L11028,4112,174,10280000,E-center,685,OsterfeldStrasse 30-40,22529,Large_Full_Service,Conventional,2500,Edeka Nord,Edeka,Lokstedt,Eimsbuettel,4896094,55,46623,2047.8
511029,L11029,4112,174,11102400,E-center,301,GasStrasse 4,22761,Large_Full_Service,Conventional,2700,Edeka Nord,Edeka,Bahrenfeld,Altona,10541166,7,58638,468.1
511030,L11030,4112,174,16859200,E-center,423,Hoergensweg 5,22523,Large_Full_Service,Conventional,4100,Edeka Nord,Edeka,Eidelstedt,Eimsbuettel,8722266,22,28971,3086.7
511031,L11031,4112,174,16859200,E-center,817,Schweriner Strasse 8-12,22143,Large_Full_Service,Conventional,4100,Edeka Nord,Edeka,Rahlstedt,Wandsbek,26565949,76,31937,4710.4
511032,L11032,4112,174,4005088,E-neukauf,130,Boltenhagener Strasse 3,22147,Large_Full_Service,Conventional,974,Edeka Nord,Edeka,Rahlstedt,Wandsbek,26565949,76,31077,5508.8
511033,L11033,4112,174,6279024,E-neukauf,491,Kandinskyallee 14-18,22115,Large_Full_Service,Conventional,1527,Edeka Nord,Edeka,Billstedt,Hamburg-Mitte,16923802,13,25123,6209.7
511034,L11034,4112,174,4523200,E-neukauf,209,Edith-Stein-Platz 4,21035,Large_Full_Service,Conventional,1100,Edeka Nord,Edeka,Neuallermoehe,Bergedorf,4204288,61,30454,2299.4
511035,L11035,4112,174,5756800,E-neukauf,267,Fleetplatz 2-4,21035,Large_Full_Service,Conventional,1400,Edeka Nord,Edeka,Neuallermoehe,Bergedorf,4204288,61,28591,3772.7
511036,L11036,4112,174,7270016,E-neukauf,755,Reinbeker Redder 283,21031,Large_Full_Service,Conventional,1768,Edeka Nord,Edeka,Lohbruegge,Bergedorf,13044963,54,28027,2973.1
511037,L11037,4112,174,3289600,Edeka,150,Bramfelder Chaussee 322,22177,Large_Full_Service,Conventional,800,Edeka Nord,Edeka,Bramfeld,Wandsbek,10065838,17,29330,3842.9
511038,L11038,4112,174,3947520,Edeka,782,Sand 31,21073,Large_Full_Service,Conventional,960,Edeka Nord,Edeka,Harburg,Harburg,3599112,38,24311,276.5
511039,L11039,4112,174,3968080,Edeka,335,Grosser Burstah 31,20457,Large_Full_Service,Conventional,965,Edeka Nord,Edeka,Kleiner Grasbrook und Steinwerder,Hamburg-Mitte,6236813,50,12368,3241.7
511040,L11040,4112,174,3289600,Edeka,692,OsterStrasse 86-90,20259,Large_Full_Service,Conventional,800,Edeka Nord,Edeka,Eimsbuettel,Eimsbuettel,3203037,24,37376,43.1
511041,L11041,4112,174,3289600,Edeka,616,MilchStrasse 1,20148,Large_Full_Service,Conventional,800,Edeka Nord,Edeka,Rotherbaum,Eimsbuettel,2163991,81,80458,1035.6
511042,L11042,4112,174,4728800,Edeka,689,OsterStrasse 120,20255,Large_Full_Service,Conventional,1150,Edeka Nord,Edeka,Eimsbuettel,Eimsbuettel,3203037,24,35507,83.3
511043,L11043,4112,174,4934400,Edeka,952,Wedeler LandStrasse 52,22559,Large_Full_Service,Conventional,1200,Edeka Nord,Edeka,Rissen,Altona,14866496,78,63196,2633.1
511044,L11044,4112,174,3680240,Edeka,384,Harksheider Strasse 41,22399,Large_Full_Service,Conventional,895,Edeka Nord,Edeka,Poppenbuettel,Wandsbek,8105178,75,48532,3913.9
511045,L11045,4112,174,3820048,Edeka,232,Eppendorfer Baum 35,20249,Large_Full_Service,Conventional,929,Edeka Nord,Edeka,Hoheluft-Ost,Hamburg-Nord,565538,42,68501,733.0
511046,L11046,4112,174,3289600,Edeka,364,HallerStrasse 78,20146,Large_Full_Service,Conventional,800,Edeka Nord,Edeka,Rotherbaum,Eimsbuettel,2163991,81,80458,901.7
511047,L11047,4112,174,3536320,Edeka,831,Spitzbergenweg 30,22145,Large_Full_Service,Conventional,860,Edeka Nord,Edeka,Rahlstedt,Wandsbek,26565949,76,31937,2210.7
511048,L11048,4112,174,4112000,Edeka,234,Eppendorfer LandStrasse 41,20249,Large_Full_Service,Conventional,1000,Edeka Nord,Edeka,Eppendorf,Hamburg-Nord,2669829,26,68501,1131.6
511049,L11049,4112,174,4663008,Edeka,695,Ottenser HauptStrasse 10,22765,Large_Full_Service,Conventional,1134,Edeka Nord,Edeka,Ottensen,Altona,2551538,74,31563,113.7
511050,L11050,4112,174,5756800,Edeka,631,Muehlenkamp 45,22303,Large_Full_Service,Conventional,1400,Edeka Nord,Edeka,Winterhude,Hamburg-Nord,7127776,103,54415,307.6
511051,L11051,4112,174,5756800,Edeka,228,ElbgauStrasse 118a,22547,Large_Full_Service,Conventional,1400,Edeka Nord,Edeka,Lurup,Altona,6292323,56,27260,4443.2
511052,L11052,4112,174,4112000,Edeka,383,Harksheider Strasse 2,22399,Large_Full_Service,Conventional,1000,Edeka Nord,Edeka,Poppenbuettel,Wandsbek,8105178,75,53568,3532.8
511053,L11053,4112,174,5756800,Edeka,540,Kupferhof 4,21029,Large_Full_Service,Conventional,1400,Edeka Nord,Edeka,Bergedorf,Bergedorf,10267720,10,30769,372.8
511054,L11054,4112,174,6168000,Edeka,389,Heegbarg 25,22391,Large_Full_Service,Conventional,1500,Edeka Nord,Edeka,Poppenbuettel,Wandsbek,8105178,75,53568,3336.4
511055,L11055,4112,174,6168000,Edeka,180,ConventStrasse 8-10,22089,Large_Full_Service,Conventional,1500,Edeka Nord,Edeka,Eilbek,Wandsbek,1751374,23,34192,1247.1
511056,L11056,4112,174,4112000,Edeka,862,Stresemannallee 12-16,22529,Large_Full_Service,Conventional,1000,Edeka Nord,Edeka,Lokstedt,Eimsbuettel,4896094,55,49687,1678.3
511057,L11057,4112,174,4112000,Edeka,464,Hummelsbuetteler LandStrasse 9-11,22335,Large_Full_Service,Conventional,1000,Edeka Nord,Edeka,Fuhlsbuettel,Hamburg-Nord,7774423,30,36770,625.7
511058,L11058,4112,174,4284704,Edeka,728,PostStrasse 36,20354,Large_Full_Service,Conventional,1042,Edeka Nord,Edeka,Neustadt,Hamburg-Mitte,1952159,66,41813,1181.4
511059,L11059,4112,174,6579200,Edeka,530,Kroogbloecke 40-44,22119,Large_Full_Service,Conventional,1600,Edeka Nord,Edeka,Horn,Hamburg-Mitte,5851881,45,21404,2808.8
511060,L11060,4112,174,8224000,Edeka,334,Grosse BergStrasse 152-162,22767,Large_Full_Service,Conventional,2000,Edeka Nord,Edeka,Altona-Altstadt,Altona,2304126,5,28304,
511061,L11061,4112,174,9046400,Edeka,521,Kraehenweg 19,22459,Large_Full_Service,Conventional,2200,Edeka Nord,Edeka,Niendorf,Eimsbuettel,12417855,68,39548,1255.7
511062,L11062,4112,174,6332480,Edeka,909,Ueberseeboulevard 4-10,20457,Large_Full_Service,Conventional,1540,Edeka Nord,Edeka,HafenCity,Hamburg-Mitte,1392149,34,56744,1796.9
511063,L11063,4112,174,14392000,Edeka,670,Oelmuehlenweg 4,22047,Large_Full_Service,Conventional,3500,Edeka Nord,Edeka,Tonndorf,Wandsbek,3941170,94,27056,2717.9
511064,L11064,4112,174,4860384,Edeka,125,Blankeneser BahnhofStrasse 17,22587,Large_Full_Service,Conventional,1182,Edeka Nord,Edeka,Blankenese,Altona,5733578,15,106650,640.9
511065,L11065,4112,174,3145680,Edeka,644,Neuer Steinweg 5,20459,Large_Full_Service,Conventional,765,Edeka Nord,Edeka,Neustadt,Hamburg-Mitte,1952159,66,28934,1007.6
511066,L11066,3925,166,11775000,Kaufland,633,Nedderfeld 70,22529,Large_Full_Service,Conventional,3000,Kaufland,Other,Eppendorf,Hamburg-Nord,2669829,26,46623,2127.5
511067,L11067,3925,166,13737500,Kaufland,99,Bergedorfer Strasse 106,21029,Large_Full_Service,Conventional,3500,Kaufland,Other,Bergedorf,Bergedorf,10267720,10,30769,585.1
511068,L11068,3925,166,18447500,Kaufland,528,Krohnstieg 4,22415,Large_Full_Service,Conventional,4700,Kaufland,Other,Langenhorn,Hamburg-Nord,13367161,52,29363,2093.6
511069,L11069,3925,166,10597500,Kaufland,405,Helbingtwiete 7-9,22047,Large_Full_Service,Conventional,2700,Kaufland,Other,Wandsbek,Wandsbek,5943628,99,29247,2773.9
511071,L11071,3925,166,3925000,Karstadt Lebensmittel,513,Kleiner Schippsee 15,21073,Large_Full_Service,Conventional,1000,Rewe Nord,Other,Harburg,Harburg,3599112,38,24311,489.2
511073,L11073,3925,166,16877500,Marktkauf,969,Wilhelm-Strauss-Weg 4,21109,Large_Full_Service,Conventional,4300,Edeka Nord,Other,Wilhelmsburg,Hamburg-Mitte,30736334,101,20695,4452.4
511074,L11074,3925,166,3524650,Perfetto,688,OsterStrasse 119,20259,Large_Full_Service,Conventional,898,Karstadt Feinkost,Other,Eimsbuettel,Eimsbuettel,3203037,24,35507,6.5
511075,L11075,3925,166,7457500,Perfetto,621,MoenckebergStrasse 16,20095,Large_Full_Service,Conventional,1900,Karstadt Feinkost,Other,Hamburg-Altstadt,Hamburg-Mitte,1222748,35,41653,1022.3
511076,L11076,3925,166,7065000,Perfetto,802,Schlossmuehlendamm 2,21073,Large_Full_Service,Conventional,1800,Karstadt Feinkost,Other,Hohenfelde,Hamburg-Nord,1034574,44,34239,1097.7
511077,L11077,3925,166,9223750,Perfetto,939,Wandsbeker MarktStrasse 63-65,22041,Large_Full_Service,Conventional,2350,Karstadt Feinkost,Other,Wandsbek,Wandsbek,5943628,99,37182,93.8
511078,L11078,3739,158,3346405,Rewe,712,Pezolddamm 161,22175,Large_Full_Service,Conventional,895,Rewe Nord,Rewe,Bramfeld,Wandsbek,10065838,17,29836,3930.6
511079,L11079,3739,158,3103370,Rewe,840,Steendiek 16,21129,Large_Full_Service,Conventional,830,Rewe Nord,Rewe,Finkenwerder und Waltershof,Hamburg-Mitte,17704908,28,30441,115.0
511080,L11080,3739,158,3458575,Rewe,779,Rugenbarg 7,22549,Large_Full_Service,Conventional,925,Rewe Nord,Rewe,Osdorf,Altona,7250916,72,42956,1795.1
511081,L11081,3739,158,3552050,Rewe,430,Hoheluftchaussee 23-25,20253,Large_Full_Service,Conventional,950,Rewe Nord,Rewe,Hoheluft-West,Eimsbuettel,719573,43,55018,80.0
511082,L11082,3739,158,3739000,Rewe,662,Nordschleswiger Strasse 48,22049,Large_Full_Service,Conventional,1000,Rewe Nord,Rewe,Dulsberg,Hamburg-Nord,1218421,20,24646,1461.2
511083,L11083,3739,158,4150290,Rewe,160,Brauerknechtgraben 47,20459,Large_Full_Service,Conventional,1110,Rewe Nord,Rewe,Neustadt,Hamburg-Mitte,1952159,66,43046,1441.9
511084,L11084,3739,158,4456888,Rewe,254,FabriciusStrasse 1-5,22177,Large_Full_Service,Conventional,1192,Rewe Nord,Rewe,Bramfeld,Wandsbek,10065838,17,27963,1025.2
511085,L11085,3739,158,4860700,Rewe,411,Hermann-Balk-Strasse 117,22147,Large_Full_Service,Conventional,1300,Rewe Nord,Rewe,Rahlstedt,Wandsbek,26565949,76,31078,3013.3
511086,L11086,3739,158,4064293,Rewe,123,Binnenfeldredder 32a,21031,Large_Full_Service,Conventional,1087,Rewe Nord,Rewe,Lohbruegge,Bergedorf,13044963,54,28027,1945.5
511087,L11087,3739,158,4105422,Rewe,499,Kieler Strasse 415,22525,Large_Full_Service,Conventional,1098,Rewe Nord,Rewe,Stellingen,Eimsbuettel,6084188,90,30943,1875.3
511088,L11088,3739,158,4112900,Rewe,475,JarreStrasse 44,22303,Large_Full_Service,Conventional,1100,Rewe Nord,Rewe,Winterhude,Hamburg-Nord,7127776,103,46292,593.4
511089,L11089,3739,158,4299850,Rewe,507,Kirchenhang 4-8,21073,Large_Full_Service,Conventional,1150,Rewe Nord,Rewe,Eissendorf,Harburg,8339152,25,26707,68.0
511090,L11090,3739,158,4367152,Rewe,202,DrosselStrasse 1,22305,Large_Full_Service,Conventional,1168,Rewe Nord,Rewe,Barmbek-Nord,Hamburg-Nord,3780652,8,25523,613.3
511091,L11091,3739,158,4404542,Rewe,660,Nordalbingerweg 23-31,22455,Large_Full_Service,Conventional,1178,Rewe Nord,Rewe,Niendorf,Eimsbuettel,12417855,68,39548,1986.5
511092,L11092,3739,158,4584014,Rewe,894,Tibarg 32,22459,Large_Full_Service,Conventional,1226,Rewe Nord,Rewe,Niendorf,Eimsbuettel,12417855,68,38262,244.7
511093,L11093,3739,158,4860700,Rewe,76,Ballindamm 40,20095,Large_Full_Service,Conventional,1300,Rewe Nord,Rewe,Hamburg-Altstadt,Hamburg-Mitte,1222748,35,30200,1128.5
511094,L11094,3739,158,5126169,Rewe,37,Am Beckerkamp 31,21031,Large_Full_Service,Conventional,1371,Rewe Nord,Rewe,Lohbruegge,Bergedorf,13044963,54,30769,1288.6
511095,L11095,3739,158,6834892,Rewe,368,Hamburger Strasse 19-47,22083,Large_Full_Service,Conventional,1828,Rewe Nord,Rewe,Uhlenhorst,Hamburg-Nord,1655700,95,39700,1475.7
511096,L11096,3739,158,4202636,Rewe,324,GrelckStrasse 34,22529,Large_Full_Service,Conventional,1124,Rewe Nord,Rewe,Lokstedt,Eimsbuettel,4896094,55,39193,2243.7
511097,L11097,3739,158,4486800,Rewe,765,Rodigallee 315,22043,Large_Full_Service,Conventional,1200,Rewe Nord,Rewe,Jenfeld,Wandsbek,4991226,48,22447,4736.0
511098,L11098,3739,158,3619352,Rewe,950,Wedeler LandStrasse 16-18,22559,Large_Full_Service,Conventional,968,Rewe Nord,Rewe,Rissen,Altona,14866496,78,63196,2321.4
511099,L11099,3739,158,4576536,Rewe,806,Schoeneberger Strasse 31-35,22045,Large_Full_Service,Conventional,1224,Rewe Nord,Rewe,Jenfeld,Wandsbek,4991226,48,28563,5226.7
511100,L11100,3739,158,4673750,Rewe,494,Kieler Strasse 101,22769,Large_Full_Service,Conventional,1250,Rewe Nord,Rewe,Eimsbuettel,Eimsbuettel,3203037,24,31529,457.0
511101,L11101,3739,158,4942958,Rewe,807,Schreyerring 26,22309,Large_Full_Service,Conventional,1322,Rewe Nord,Rewe,Steilshoop,Wandsbek,2498357,88,25712,2308.1
511102,L11102,3739,158,4860700,Rewe,298,Fuhlsbuettler Strasse 387,22307,Large_Full_Service,Conventional,1300,Rewe Nord,Rewe,Barmbek-Nord,Hamburg-Nord,3780652,8,33708,1138.3
511103,L11103,3739,158,5234600,Rewe,502,Kieler Strasse 573b,22525,Large_Full_Service,Conventional,1400,Rewe Nord,Rewe,Stellingen,Eimsbuettel,6084188,90,29957,3118.6
511104,L11104,3739,158,5982400,Rewe,922,Von-Sauer-Strasse 11-13,22761,Large_Full_Service,Conventional,1600,Rewe Nord,Rewe,Bahrenfeld,Altona,10541166,7,31952,650.8
511105,L11105,3739,158,5458940,Rewe,738,Rahlstedter BahnhofStrasse 23-25,22143,Large_Full_Service,Conventional,1460,Rewe Nord,Rewe,Rahlstedt,Wandsbek,26565949,76,31937,4867.7
511106,L11106,3739,158,5982400,Rewe,139,Borsteler Chaussee 17-23,22453,Large_Full_Service,Conventional,1600,Rewe Nord,Rewe,Grob Borstel,Hamburg-Nord,3985745,31,50825,1841.5
511107,L11107,3739,158,7403220,Rewe,84,BarnerStrasse 44-46,22765,Large_Full_Service,Conventional,1980,Rewe Nord,Rewe,Ottensen,Altona,2551538,74,32724,69.9
511108,L11108,3739,158,4135334,Rewe,357,Haldesdorfer Strasse 106,22179,Large_Full_Service,Conventional,1106,Rewe Nord,Rewe,Bramfeld,Wandsbek,10065838,17,28436,2519.0
511109,L11109,3739,158,5982400,Rewe,145,Bramfelder Chaussee 234,22177,Large_Full_Service,Conventional,1600,Rewe Nord,Rewe,Bramfeld,Wandsbek,10065838,17,25712,3080.6
511110,L11110,3739,158,7601387,Rewe,759,RennbahnStrasse 34a,22111,Large_Full_Service,Conventional,2033,Rewe Nord,Rewe,Horn,Hamburg-Mitte,5851881,45,20590,2111.5
511111,L11111,3739,158,5982400,Rewe,80,Bargteheider Strasse 83-87,22143,Large_Full_Service,Conventional,1600,Rewe Nord,Rewe,Rahlstedt,Wandsbek,26565949,76,31937,5061.6
511112,L11112,3739,158,5028955,Rewe,315,Glissmannweg 2,22457,Large_Full_Service,Conventional,1345,Rewe Nord,Rewe,Schnelsen,Eimsblttel,8950744,83,36104,1880.6
511113,L11113,3739,158,6158133,Rewe,839,Stapelfelder Strasse 86-104,22143,Large_Full_Service,Conventional,1647,Rewe Nord,Rewe,Rahlstedt,Wandsbek,26565949,76,31937,5037.2
511114,L11114,3739,158,4684967,Rewe,193,Dehnhaide 57,22081,Large_Full_Service,Conventional,1253,Rewe Nord,Rewe,Barmbek-Sued,Hamburg-Nord,3046061,9,28260,1431.9
511115,L11115,3739,158,5705714,Rewe,13,Alsterdorfer Strasse 255,22297,Large_Full_Service,Conventional,1526,Rewe Nord,Rewe,Alsterdorf,Hamburg-Nord,2900351,2,50810,1831.6
511116,L11116,3739,158,5421550,Rewe,296,Fuhlsbuettler Strasse 334,22307,Large_Full_Service,Conventional,1450,Rewe Nord,Rewe,Barmbek-Nord,Hamburg-Nord,3780652,8,32755,1013.5
511117,L11117,3739,158,5896403,Rewe,575,Luebecker Strasse 107,22087,Large_Full_Service,Conventional,1577,Rewe Nord,Rewe,Hohenfelde,Hamburg-Nord,1034574,44,35020,1471.4
511118,L11118,3739,158,6730200,Rewe,531,Kroonhorst 1-3,22549,Large_Full_Service,Conventional,1800,Rewe Nord,Rewe,Osdorf,Altona,7250916,72,34252,2424.2
511119,L11119,3739,158,5421550,Rewe,378,Hannoversche Strasse 86,21079,Large_Full_Service,Conventional,1450,Rewe Nord,Rewe,Harburg,Harburg,3599112,38,25230,828.5
511120,L11120,3739,158,5234600,Rewe,751,Rehrstieg 16-30,21147,Large_Full_Service,Conventional,1400,Rewe Nord,Rewe,Neugraben-Fischbek,Harburg,22523326,64,29466,1434.1
511121,L11121,3739,158,7096622,Rewe,390,Heegbarg 31,22391,Large_Full_Service,Conventional,1898,Rewe Nord,Rewe,Poppenbuettel,Wandsbek,8105178,75,53568,3301.4
511122,L11122,3739,158,4486800,Rewe,973,Winsener Strasse 36,21077,Large_Full_Service,Conventional,1200,Rewe Nord,Rewe,Wilstorf,Harburg,3422804,102,22126,1416.9
511123,L11123,3739,158,6730200,Rewe,879,Suelldorfer Kirchenweg 2b,22587,Large_Full_Service,Conventional,1800,Rewe Nord,Rewe,Blankenese,Altona,5733578,15,71828,586.2
511124,L11124,3739,158,7478000,Rewe,896,Tibarg 41-43,22459,Large_Full_Service,Conventional,2000,Rewe Nord,Rewe,Niendorf,Eimsbuettel,12417855,68,39548,80.0
511125,L11125,3739,158,8924993,Rewe,382,Hardauring 34,21147,Large_Full_Service,Conventional,2387,Rewe Nord,Rewe,Hausbruch,Harburg,9834942,40,29466,2177.4
511126,L11126,3739,158,8401533,Rewe,227,ElbgauStrasse 1,22523,Large_Full_Service,Conventional,2247,Rewe Nord,Rewe,Eidelstedt,Eimsbuettel,8722266,22,28971,3425.0
511127,L11127,3739,158,8786650,Rewe,723,Poppenbuetteler Chaussee 43-45,22397,Large_Full_Service,Conventional,2350,Rewe Nord,Rewe,Duvenstedt,Wandsbek,6782086,21,62769,4612.4
511128,L11128,3739,158,13086500,Rewe Center,679,Osdorfer LandStrasse 131,22609,Large_Full_Service,Conventional,3500,Rewe Nord,Rewe,Osdorf,Altona,7250916,72,52591,2843.5
511129,L11129,3739,158,3589440,Rewe City,34,Altonaer Strasse 67,20357,Large_Full_Service,Conventional,960,Rewe Nord,Rewe,Eimsbuettel,Eimsbuettel,3203037,24,36859,82.4
511130,L11130,3739,158,3249191,Rewe City,59,August-Krogmann-Strasse 15,22159,Large_Full_Service,Conventional,869,Rewe Nord,Rewe,Farmsen-Berne,Wandsbek,8226357,27,31078,5108.9
511131,L11131,3739,158,5608500,Rewe City,643,Neuer Steinweg 18,20459,Large_Full_Service,Conventional,1500,Rewe Nord,Rewe,Neustadt,Hamburg-Mitte,1952159,66,28934,987.9
511132,L11132,3925,166,3885750,Sky,962,Wellingsbuetteler Markt 1,22391,Large_Full_Service,Conventional,990,Coop,Other,Wellingsbuettel,Wandsbek,4086550,100,66640,4410.6
511133,L11133,3925,166,3175325,Sky,976,Winterhuder Weg 62,22085,Large_Full_Service,Conventional,809,Coop,Other,Barmbek-Sued,Hamburg-Nord,3046061,9,44529,1128.9
511134,L11134,3925,166,4290025,Sky,106,Berliner Platz 1,22045,Large_Full_Service,Conventional,1093,Coop,Other,Jenfeld,Wandsbek,4991226,48,28563,5336.7
511135,L11135,3925,166,4396000,Sky,449,Holsteinischer Kamp 53,22081,Large_Full_Service,Conventional,1120,Coop,Other,Barmbek-Sued,Hamburg-Nord,3046061,9,39700,1539.2
511136,L11136,3925,166,5757975,Sky,908,TroplowitzStrasse 8,22529,Large_Full_Service,Conventional,1467,Coop,Other,Lokstedt,Eimsbuettel,4896094,55,47016,875.9
511137,L11137,3925,166,4867000,Sky,82,Barmbeker Strasse 17-19,22303,Large_Full_Service,Conventional,1240,Coop,Other,Winterhude,Hamburg-Nord,7127776,103,46292,195.7
511138,L11138,3925,166,5126050,Sky,317,GordonStrasse 2,21079,Large_Full_Service,Conventional,1306,Coop,Other,Langenbek,Harburg,793484,51,34908,3007.7
511139,L11139,3925,166,4093775,Sky,217,EiffeStrasse 638,20537,Large_Full_Service,Conventional,1043,Coop,Other,Hamm,Hamburg-Mitte,3659862,36,22402,1068.1
511140,L11140,3925,166,18290500,Toom,574,Lorenzenweg 3,22111,Large_Full_Service,Conventional,4660,Toom,Other,Billstedt,Hamburg-Mitte,16923802,13,23294,3914.7
411004,M11004,4112,174,2878400,E-aktiv Markt Anders,325,Grindelallee 126,20146,Medium_Full_Service,Conventional,700,Edeka Nord,Edeka,Rotherbaum,Eimsbuettel,2163991,81,50407,336.2
411005,M11005,4112,174,2672800,E-aktiv Markt Corleis,380,Hans-Dewitz-Ring 2a,21075,Medium_Full_Service,Conventional,650,Edeka Nord,Edeka,Heimfeld,Harburg,12278635,41,30184,1065.2
411006,M11006,4112,174,2878400,E-aktiv Markt Eggert,205,Durchdeich 72,21037,Medium_Full_Service,Conventional,700,Edeka Nord,Edeka,Kirchwerder,Bergedorf,30157729,49,36561,2938.5
411007,M11007,4112,174,2467200,E-aktiv Markt Heine,102,Bergedorfer Strasse 148,21029,Medium_Full_Service,Conventional,600,Edeka Nord,Edeka,Bergedorf,Bergedorf,10267720,10,33511,73.9
411008,M11008,4112,174,2796160,E-aktiv Markt Kahllund,249,Ernst-Bergeest-Weg 53,21077,Medium_Full_Service,Conventional,680,Edeka Nord,Edeka,Marmstorf,Harburg,5843405,58,33298,1705.7
411009,M11009,4112,174,2035440,E-aktiv Markt Maerkl,888,Tangstedter LandStrasse 42,22415,Medium_Full_Service,Conventional,495,Edeka Nord,Edeka,Langenhorn,Hamburg-Nord,13367161,52,29363,2019.1
411010,M11010,4112,174,2467200,E-aktiv Markt oezcan,847,Steinbeker MarktStrasse 88-90,22117,Medium_Full_Service,Conventional,600,Edeka Nord,Edeka,Billstedt,Hamburg-Mitte,16923802,13,22219,5391.4
411011,M11011,4112,174,2878400,E-aktiv Markt Quandt,886,Tangstedter LandStrasse 234,22417,Medium_Full_Service,Conventional,700,Edeka Nord,Edeka,Langenhorn,Hamburg-Nord,13367161,52,29363,3780.6
411012,M11012,4112,174,2261600,E-aktiv Markt Roeper,290,Fuhlsbuettler Strasse 132-134,22305,Medium_Full_Service,Conventional,550,Edeka Nord,Edeka,Barmbek-Nord,Hamburg-Nord,3780652,8,38146,163.2
411013,M11013,4112,174,1644800,E-aktiv Markt Seipel,256,FabriciusStrasse 99,22177,Medium_Full_Service,Conventional,400,Edeka Nord,Edeka,Bramfeld,Wandsbek,10065838,17,25966,1699.4
411014,M11014,4112,174,3248480,E-aktiv Markt Sievers,889,Tannenhof 60a,22397,Medium_Full_Service,Conventional,790,Edeka Nord,Edeka,Lemsahl-Mellingstedt,Wandsbek,8002440,53,70746,3573.0
411015,M11015,4112,174,1973760,E-aktiv Markt Witt,174,Carl-Petersen-Strasse 80,20535,Medium_Full_Service,Conventional,480,Edeka Nord,Edeka,Hamm,Hamburg-Mitte,3659862,36,24152,453.7
411016,M11016,4112,174,2672800,Edeka Airport Plaza,268,FlughafenStrasse 1-3,22335,Medium_Full_Service,Conventional,650,Edeka Nord,Edeka,Fuhlsbuettel,Hamburg-Nord,7774423,30,33169,712.6
411017,M11017,4112,174,1665360,Edeka Bartels,974,Winterhuder Marktplatz 18,22299,Medium_Full_Service,Conventional,405,Edeka Nord,Edeka,Winterhude,Hamburg-Nord,7127776,103,55000,476.1
411018,M11018,4112,174,2467200,Edeka Frischemarkt Meyer,897,Tibarg 44-48,22459,Medium_Full_Service,Conventional,600,Edeka Nord,Edeka,Niendorf,Eimsbuettel,12417855,68,39548,79.2
411019,M11019,4112,174,2467200,Edeka Frischmarkt Wagner,138,Borsteler Chaussee 136-138,22453,Medium_Full_Service,Conventional,600,Edeka Nord,Edeka,Grob Borstel,Hamburg-Nord,3985745,31,40494,2339.1
411020,M11020,4112,174,1644800,Edeka Linow,570,Lohbruegger Markt 4,21031,Medium_Full_Service,Conventional,400,Edeka Nord,Edeka,Lohbruegge,Bergedorf,13044963,54,30769,1055.2
411021,M11021,4112,174,2294496,Edeka Linow,627,MozartStrasse 16,22083,Medium_Full_Service,Conventional,558,Edeka Nord,Edeka,Barmbek-Sued,Hamburg-Nord,3046061,9,46292,615.9
411022,M11022,4112,174,2672800,Edeka Niemerszein,426,Hofweg 81,22085,Medium_Full_Service,Conventional,650,Edeka Nord,Edeka,Uhlenhorst,Hamburg-Nord,1655700,95,46292,659.2
411023,M11023,4112,174,1850400,Edeka Struve Schlemmermarkt,744,Rathausmarkt 7,20095,Medium_Full_Service,Conventional,450,Edeka Nord,Edeka,Hamburg-Altstadt,Hamburg-Mitte,1222748,35,30200,1247.3
411024,M11024,4112,174,1932640,Edeka Tamme,316,Glockengiesserwall 8-10,20095,Medium_Full_Service,Conventional,470,Edeka Nord,Edeka,St.Georg,Hamburg-Mitte,1424825,86,30196,498.7
411025,M11025,4112,174,3219696,Edeka Witte,24,Alte ElbgauStrasse 4-6,22523,Medium_Full_Service,Conventional,783,Edeka Nord,Edeka,Eidelstedt,Eimsbuettel,8722266,22,28971,3483.6
411026,M11026,4112,174,1747600,Edeka Wucherpfennig,690,OsterStrasse 185-187,20255,Medium_Full_Service,Conventional,425,Edeka Nord,Edeka,Eimsbuettel,Eimsbuettel,3203037,24,35214,332.1
411035,M11035,3925,166,1884000,Mix Markt,98,BengelsdorfStrasse 1,22179,Medium_Full_Service,Conventional,480,Mix Markt,Other,Bramfeld,Wandsbek,10065838,17,29030,3254.1
411041,M11041,3739,158,2721992,Rewe,928,Waldweg 43,22393,Medium_Full_Service,Conventional,728,Rewe Nord,Rewe,Sasel,Wandsbek,8363060,82,53339,1733.5
411042,M11042,3739,158,1742374,Rewe City,237,Eppendorfer Weg 192,20253,Medium_Full_Service,Conventional,466,Rewe Nord,Rewe,Hoheluft-West,Eimsbuettel,719573,43,53241,349.4
411043,M11043,3739,158,2250878,Rewe City,53,ArminiusStrasse 2-4a,22525,Medium_Full_Service,Conventional,602,Rewe Nord,Rewe,Stellingen,Eimsbuettel,6084188,90,33225,644.4
111001,O11001,5687,5687,2741134,Alnatura,429,Hoheluftchaussee 18,20253,Organic Shop,Organic,482,Alnatura,Alnatura,Hoheluft-West,Eimsbuettel,719573,43,55018,
111002,O11002,5687,5687,4435860,Alnatura,937,Wandsbeker MarktStrasse 2,22041,Organic Shop,Organic,780,Alnatura,Alnatura,Marienthal,Wandsbek,3213231,57,37182,
111003,O11003,5687,5687,2274800,Alnatura,328,Grindelallee 7,20146,Organic Shop,Organic,400,Alnatura,Alnatura,Rotherbaum,Eimsbuettel,2163991,81,38236,
111004,O11004,5687,5687,3838725,Alnatura,356,Hahnenkamp 1,22765,Organic Shop,Organic,675,Alnatura,Alnatura,Ottensen,Altona,2551538,74,31563,
111005,O11005,4515,4515,406350,Avrasya,239,Eppendorfer Weg 80,20259,Organic Shop,Organic,90,Other,Other,Eimsbuettel,Eimsbuettel,3203037,24,37376,
111006,O11006,7239,7239,3619500,Basic,687,OsterStrasse 112,20259,Organic Shop,Organic,500,Basic,Basic,Eimsbuettel,Eimsbuettel,3203037,24,35507,
111007,O11007,4515,4515,541800,Belindas Bioladen,647,Neugrabener Markt 1,21149,Organic Shop,Organic,120,Other,Other,Neugraben-Fischbek,Harburg,22523326,64,29480,
111008,O11008,6341,6341,2029120,Bio Company,547,Lange Reihe 29,20099,Organic Shop,Organic,320,Bio Company,Bio Company,St.Georg,Hamburg-Mitte,1424825,86,34494,
111009,O11009,4515,4515,437955,Bio Insel Naturkost,484,Julius-Ludowieg-Strasse 32,21073,Organic Shop,Organic,97,Other,Other,Harburg,Harburg,3599112,38,25628,
111010,O11010,4515,4515,451500,Bio.Lose,691,OsterStrasse 81,20259,Organic Shop,Organic,100,Other,Other,Eimsbuettel,Eimsbuettel,3203037,24,37376,
111012,O11012,4515,4515,496650,Bioladen am Hammer Park Schmidt,623,Moorende 31,20535,Organic Shop,Organic,110,Other,Other,Hamm,Hamburg-Mitte,3659862,36,27127,
111013,O11013,4515,4515,1264200,Bioland-Hof,875,Sueelldorfer Kirchenweg 237,22589,Organic Shop,Organic,280,Dennree,Other,Suelldorf,Altona,5736112,92,42883,
111014,O11014,4515,4515,541800,bioMarkt BARMBEK,291,Fuhlsbuettler Strasse 164,22305,Organic Shop,Organic,120,Other,Other,Barmbek-Nord,Hamburg-Nord,3780652,8,38146,
111015,O11015,4515,4515,1128750,Blankeneser Naturkost,385,Hasenhoehe 6,22587,Organic Shop,Organic,250,Dennree,Other,Blankenese,Altona,5733578,15,79870,
111016,O11016,3838,3838,1727100,Denns Biomarkt,339,Grosse BergStrasse 152-162,22767,Organic Shop,Organic,450,Dennree,Denns,Altona-Altstadt,Altona,2304126,5,28304,
111017,O11017,3838,3838,1919000,Denns Biomarkt,696,Ottenser HauptStrasse 39,22765,Organic Shop,Organic,500,Dennree,Denns,Ottensen,Altona,2551538,74,31563,
111018,O11018,3838,3838,1957380,Denns Biomarkt,781,Sachsentor 58,21029,Organic Shop,Organic,510,Dennree,Denns,Bergedorf,Bergedorf,10267720,10,33511,
111019,O11019,3838,3838,1727100,Denns Biomarkt,792,SchanzenStrasse 119,20357,Organic Shop,Organic,450,Dennree,Denns,Sternschanze,Altona,548429,91,36859,
111020,O11020,4515,4515,451500,Der Bioladen Winterhude,311,GertigStrasse 39-41,22303,Organic Shop,Organic,100,Other,Other,Winterhude,Hamburg-Nord,7127776,103,46292,
111021,O11021,1980,1980,1980000,Erdkorn,760,RentzelStrasse 36-48,20146,Organic Shop,Organic,1000,Erdkorn,Other,Rotherbaum,Eimsbuettel,2163991,81,39040,
111022,O11022,1980,1980,1782000,Erdkorn,348,Groten Hoff 6,22359,Organic Shop,Organic,900,Erdkorn,Other,Volksdorf,Wandsbek,11576239,97,59711,
111023,O11023,1980,1980,1782000,Erdkorn,876,Sueelldorfer LandStrasse 11-15,22589,Organic Shop,Organic,900,Erdkorn,Other,Iserbrook,Altona,2670153,47,62180,
111024,O11024,1980,1980,2178000,Erdkorn,625,Moorfuhrtweg 15,22301,Organic Shop,Organic,1100,Erdkorn,Other,Winterhude,Hamburg-Nord,7127776,103,49819,
111025,O11025,4515,4515,451500,Eule und Katzes Lollo Rossa,596,MarktStrasse 119,20357,Organic Shop,Organic,100,Other,Other,St.Pauli,Hamburg-Mitte,2107349,87,29303,
111026,O11026,4515,4515,361200,Gaertnerhof am Stueffel e.V.,867,Stueffel 12,22395,Organic Shop,Organic,80,Other,Other,Bergstedt,Wandsbek,7039240,11,48075,
111027,O11027,4515,4515,225750,Kattendorfer Hofladen Eimsbueettel,558,Lappenbergsallee 36,20249,Organic Shop,Organic,50,Other,Other,Eimsbuettel,Eimsbuettel,3203037,24,31529,
111029,O11029,4515,4515,4063500,Naturkostmarkt Rueehr,272,Friedensallee 275,22763,Organic Shop,Organic,900,Dennree,Other,Othmarschen,Altona,4869011,73,58638,
111030,O11030,4515,4515,361200,Naturwaren Meyer-Straub,222,Eissendorfer Strasse 163,21073,Organic Shop,Organic,80,Other,Other,Eissendorf,Harburg,8339152,25,30184,
111031,O11031,4515,4515,180600,Omnibus,414,Heschredder 90,22335,Organic Shop,Organic,40,Other,Other,Fuhlsbuettel,Hamburg-Nord,7774423,30,36975,
111032,O11032,4515,4515,451500,Siko's Bioladen,841,Steendiek 30,21129,Organic Shop,Organic,100,Other,Other,Finkenwerder und Waltershof,Hamburg-Mitte,17704908,28,30441,
111033,O11033,5017,5017,4214280,Tjadens Bio Frische Markt,991,Friedensallee 275,22763,Organic Shop,Organic,840,Dennree,Other,Othmarschen,Altona,4869011,73,58638,
111034,O11034,5017,5017,2006800,Tjadens Bio Frische Markt,708,Paul-Sorge-Strasse 4a,22459,Organic Shop,Organic,400,Dennree,Other,Niendorf,Eimsbuettel,12417855,68,39548,
111035,O11035,5017,5017,2257650,Tjadens Bio Frische Markt,287,Fruchtallee 136,20259,Organic Shop,Organic,450,Dennree,Other,Eimsbuettel,Eimsbuettel,3203037,24,31529,
111036,O11036,5017,5017,3010200,Tjadens Bio Frische Markt,310,GertigStrasse 26,22303,Organic Shop,Organic,600,Dennree,Other,Winterhude,Hamburg-Nord,7127776,103,46292,
111037,O11037,4515,4515,451500,Villa Sonnenschein,129,Boenningstedter Weg 42,22457,Organic Shop,Organic,100,Other,Other,Schnelsen,Eimsblttel,8950744,83,36104,
111038,O11038,4515,4515,1354500,Vitalien Naturkost,198,DorotheenStrasse 178,22299,Organic Shop,Organic,300,Grell,Other,Winterhude,Hamburg-Nord,7127776,103,55000,
111039,O11039,4515,4515,532770,warenwirtschaft cblk OHG,344,Grosse BrunnenStrasse 141,22763,Organic Shop,Organic,118,Other,Other,Ottensen,Altona,2551538,74,35017,
311008,S11008,4112,174,822400,Edeka Meyer,786,Saseler Chaussee 35,22391,Small_Full_Service,Conventional,200,Edeka Nord,Edeka,Wellingsbuettel,Wandsbek,4086550,100,57100,4543.2
